block_type,pin_name,direction,source_doc,page
ABS,IN,I,S0014-B,12
ABS,OUT,O,S0014-B,12
ABS_STATUS,IN,I,S0014-B~ABS,12
ABS_STATUS,OUT,O,S0014-B~ABS,12
ADD,IN1,I,S0014-B,13
ADD,IN10,I,S0014-B,13
ADD,IN11,I,S0014-B,13
ADD,IN12,I,S0014-B,13
ADD,IN13,I,S0014-B,13
ADD,IN14,I,S0014-B,13
ADD,IN15,I,S0014-B,13
ADD,IN16,I,S0014-B,13
ADD,IN17,I,S0014-B,13
ADD,IN18,I,S0014-B,13
ADD,IN19,I,S0014-B,13
ADD,IN2,I,S0014-B,13
ADD,IN20,I,S0014-B,13
ADD,IN21,I,S0014-B,13
ADD,IN22,I,S0014-B,13
ADD,IN23,I,S0014-B,13
ADD,IN24,I,S0014-B,13
ADD,IN25,I,S0014-B,13
ADD,IN26,I,S0014-B,13
ADD,IN27,I,S0014-B,13
ADD,IN28,I,S0014-B,13
ADD,IN29,I,S0014-B,13
ADD,IN3,I,S0014-B,13
ADD,IN30,I,S0014-B,13
ADD,IN31,I,S0014-B,13
ADD,IN32,I,S0014-B,13
ADD,IN4,I,S0014-B,13
ADD,IN5,I,S0014-B,13
ADD,IN6,I,S0014-B,13
ADD,IN7,I,S0014-B,13
ADD,IN8,I,S0014-B,13
ADD,IN9,I,S0014-B,13
ADD,OUT,O,S0014-B,13
ADD_STATUS,IN1,I,S0014-B~ADD,13
ADD_STATUS,IN10,I,S0014-B~ADD,13
ADD_STATUS,IN11,I,S0014-B~ADD,13
ADD_STATUS,IN12,I,S0014-B~ADD,13
ADD_STATUS,IN13,I,S0014-B~ADD,13
ADD_STATUS,IN14,I,S0014-B~ADD,13
ADD_STATUS,IN15,I,S0014-B~ADD,13
ADD_STATUS,IN16,I,S0014-B~ADD,13
ADD_STATUS,IN17,I,S0014-B~ADD,13
ADD_STATUS,IN18,I,S0014-B~ADD,13
ADD_STATUS,IN19,I,S0014-B~ADD,13
ADD_STATUS,IN2,I,S0014-B~ADD,13
ADD_STATUS,IN20,I,S0014-B~ADD,13
ADD_STATUS,IN21,I,S0014-B~ADD,13
ADD_STATUS,IN22,I,S0014-B~ADD,13
ADD_STATUS,IN23,I,S0014-B~ADD,13
ADD_STATUS,IN24,I,S0014-B~ADD,13
ADD_STATUS,IN25,I,S0014-B~ADD,13
ADD_STATUS,IN26,I,S0014-B~ADD,13
ADD_STATUS,IN27,I,S0014-B~ADD,13
ADD_STATUS,IN28,I,S0014-B~ADD,13
ADD_STATUS,IN29,I,S0014-B~ADD,13
ADD_STATUS,IN3,I,S0014-B~ADD,13
ADD_STATUS,IN30,I,S0014-B~ADD,13
ADD_STATUS,IN31,I,S0014-B~ADD,13
ADD_STATUS,IN32,I,S0014-B~ADD,13
ADD_STATUS,IN4,I,S0014-B~ADD,13
ADD_STATUS,IN5,I,S0014-B~ADD,13
ADD_STATUS,IN6,I,S0014-B~ADD,13
ADD_STATUS,IN7,I,S0014-B~ADD,13
ADD_STATUS,IN8,I,S0014-B~ADD,13
ADD_STATUS,IN9,I,S0014-B~ADD,13
ADD_STATUS,OUT,O,S0014-B~ADD,13
AI,AI_TYPE,I,GEI-100679,9
AI,BAD_QLTY_DLY,I,S0010-0,13
AI,EU_MAX,I,S0010-0,13
AI,EU_MIN,I,S0010-0,13
AI,IN,I,S0010-0,13
AI,IN_H_SCL,I,S0010-0,13
AI,IN_LCO,I,S0010-0,13
AI,IN_L_SCL,I,S0010-0,13
AI,OUT,O,GEI-100679,9
AI,PROC_LIM,I,S0010-0,13
AI,PROC_MAX,I,S0010-0,13
AI,PROC_MIN,I,S0010-0,13
AI,QLTY_DLY,I,S0010-0,13
AI,TC,I,S0010-0,13
ANALOG_ALARM,BQ,O,S0014-B,25
ANALOG_ALARM,DH,O,S0014-B,25
ANALOG_ALARM,DH_C,I,S0014-B,26
ANALOG_ALARM,DH_SP,I,S0014-B,26
ANALOG_ALARM,DH_T,I,S0014-B,26
ANALOG_ALARM,DH_Y,I,S0014-B,26
ANALOG_ALARM,H,O,S0014-B,25
ANALOG_ALARM,HH,O,S0014-B,25
ANALOG_ALARM,HHH,O,S0014-B,25
ANALOG_ALARM,HHH_SP,I,S0014-B,26
ANALOG_ALARM,HHH_T,I,S0014-B,26
ANALOG_ALARM,HH_SP,I,S0014-B,26
ANALOG_ALARM,HH_T,I,S0014-B,26
ANALOG_ALARM,HYST,I,S0014-B,26
ANALOG_ALARM,H_SP,I,S0014-B,26
ANALOG_ALARM,H_T,I,S0014-B,26
ANALOG_ALARM,IN,I,S0014-B,25
ANALOG_ALARM,INH,I,S0014-B,25
ANALOG_ALARM,L,O,S0014-B,25
ANALOG_ALARM,LL,O,S0014-B,25
ANALOG_ALARM,LLL,O,S0014-B,25
ANALOG_ALARM,LLL_SP,I,S0014-B,26
ANALOG_ALARM,LLL_T,I,S0014-B,26
ANALOG_ALARM,LL_SP,I,S0014-B,26
ANALOG_ALARM,LL_T,I,S0014-B,26
ANALOG_ALARM,L_SP,I,S0014-B,26
ANALOG_ALARM,L_T,I,S0014-B,26
ANALOG_ALARM,RH,O,S0014-B,25
ANALOG_ALARM,RH_SP,I,S0014-B,26
ANALOG_ALARM,RH_T,I,S0014-B,26
ANALOG_ALARM,RH_Y,I,S0014-B,26
ANALOG_ALARM,Unshelve,I,S0014-B,25
AND,IN1,I,S0014-B,148
AND,IN10,I,S0014-B,148
AND,IN11,I,S0014-B,148
AND,IN12,I,S0014-B,148
AND,IN13,I,S0014-B,148
AND,IN14,I,S0014-B,148
AND,IN15,I,S0014-B,148
AND,IN16,I,S0014-B,148
AND,IN17,I,S0014-B,148
AND,IN18,I,S0014-B,148
AND,IN19,I,S0014-B,148
AND,IN2,I,S0014-B,148
AND,IN20,I,S0014-B,148
AND,IN21,I,S0014-B,148
AND,IN22,I,S0014-B,148
AND,IN23,I,S0014-B,148
AND,IN24,I,S0014-B,148
AND,IN25,I,S0014-B,148
AND,IN26,I,S0014-B,148
AND,IN27,I,S0014-B,148
AND,IN28,I,S0014-B,148
AND,IN29,I,S0014-B,148
AND,IN3,I,S0014-B,148
AND,IN30,I,S0014-B,148
AND,IN31,I,S0014-B,148
AND,IN32,I,S0014-B,148
AND,IN4,I,S0014-B,148
AND,IN5,I,S0014-B,148
AND,IN6,I,S0014-B,148
AND,IN7,I,S0014-B,148
AND,IN8,I,S0014-B,148
AND,IN9,I,S0014-B,148
AND,OUT,O,S0014-B,148
ANY_FORCES,NUMVARS,O,S0014-B,27
ANY_FORCES,YES,I,S0014-B,27
AO,AO_TYPE,I,GEI-100679,15
AO,CL,I,GEI-100679,15
AO,CMN,I,GEI-100679,15
AO,CR,I,GEI-100679,15
AO,CV,O,GEI-100679,15
AO,CV_X,I,GEI-100679,15
AO,CV_Y,I,GEI-100679,15
AO,IN,I,GEI-100679,15
AO,SL,I,GEI-100679,15
AO,SMN,I,GEI-100679,15
AO,SR,I,GEI-100679,15
AO,SV,O,GEI-100679,15
AO,SV_X,I,GEI-100679,15
AO,SV_Y,I,GEI-100679,15
AO,TRK_OUT,O,GEI-100679,15
APP_STATE,DOWNLOADING,O,S0014-B,29
APP_STATE,DOWNLOAD_OK,I,S0014-B,29
APP_STATE,REBOOT_OK,I,S0014-B,29
ARRAY_AVERAGE,ENABLE,I,S0014-B,30
ARRAY_AVERAGE,IN,I,S0014-B,30
ARRAY_AVERAGE,INDEX_ENABLE,I,S0014-B,30
ARRAY_AVERAGE,N,I,S0014-B,30
ARRAY_AVERAGE,OUT,O,S0014-B,30
ARRAY_AVERAGE,TYPE,I,S0014-B,30
ARRAY_CALC,A,I,S0014-B,32
ARRAY_CALC,B,I,S0014-B,32
ARRAY_CALC,C,I,S0014-B,32
ARRAY_CALC,D,I,S0014-B,32
ARRAY_CALC,E,I,S0014-B,32
ARRAY_CALC,ENABLE,I,S0014-B,32
ARRAY_CALC,EQUAT,I,S0014-B,32
ARRAY_CALC,F,I,S0014-B,32
ARRAY_CALC,G,I,S0014-B,32
ARRAY_CALC,H,I,S0014-B,32
ARRAY_CALC,INDEX_ENABLE,I,S0014-B,32
ARRAY_CALC,N,I,S0014-B,32
ARRAY_CALC,OUT,O,S0014-B,32
ARRAY_COMPARE,FUNC,I,S0014-B,37
ARRAY_COMPARE,HYST,I,S0014-B,37
ARRAY_COMPARE,IN1,I,S0014-B,37
ARRAY_COMPARE,IN2,I,S0014-B,37
ARRAY_COMPARE,N,I,S0014-B,37
ARRAY_COMPARE,OUT,O,S0014-B,37
ARRAY_COMPARE,SENS,I,S0014-B,37
ARRAY_COMPRESS,IN0,I,S0014-B,38
ARRAY_COMPRESS,IN1,I,S0014-B,38
ARRAY_COMPRESS,IN10,I,S0014-B,38
ARRAY_COMPRESS,IN11,I,S0014-B,38
ARRAY_COMPRESS,IN12,I,S0014-B,38
ARRAY_COMPRESS,IN13,I,S0014-B,38
ARRAY_COMPRESS,IN14,I,S0014-B,38
ARRAY_COMPRESS,IN15,I,S0014-B,38
ARRAY_COMPRESS,IN16,I,STD-revAG,39
ARRAY_COMPRESS,IN17,I,STD-revAG,39
ARRAY_COMPRESS,IN18,I,STD-revAG,39
ARRAY_COMPRESS,IN19,I,STD-revAG,39
ARRAY_COMPRESS,IN2,I,S0014-B,38
ARRAY_COMPRESS,IN20,I,STD-revAG,39
ARRAY_COMPRESS,IN21,I,STD-revAG,39
ARRAY_COMPRESS,IN22,I,STD-revAG,39
ARRAY_COMPRESS,IN23,I,STD-revAG,39
ARRAY_COMPRESS,IN24,I,STD-revAG,39
ARRAY_COMPRESS,IN25,I,STD-revAG,39
ARRAY_COMPRESS,IN26,I,STD-revAG,39
ARRAY_COMPRESS,IN27,I,STD-revAG,39
ARRAY_COMPRESS,IN28,I,STD-revAG,39
ARRAY_COMPRESS,IN29,I,STD-revAG,39
ARRAY_COMPRESS,IN3,I,S0014-B,38
ARRAY_COMPRESS,IN30,I,STD-revAG,39
ARRAY_COMPRESS,IN31,I,STD-revAG,39
ARRAY_COMPRESS,IN4,I,S0014-B,38
ARRAY_COMPRESS,IN5,I,S0014-B,38
ARRAY_COMPRESS,IN6,I,S0014-B,38
ARRAY_COMPRESS,IN7,I,S0014-B,38
ARRAY_COMPRESS,IN8,I,S0014-B,38
ARRAY_COMPRESS,IN9,I,S0014-B,38
ARRAY_COMPRESS,INDEX_ENABLE,I,S0014-B,38
ARRAY_COMPRESS,N,I,S0014-B,38
ARRAY_COMPRESS,OUT,O,S0014-B,38
ARRAY_COMPRESS_UDI,IN0,I,S0014-B,39
ARRAY_COMPRESS_UDI,IN1,I,S0014-B,39
ARRAY_COMPRESS_UDI,IN10,I,S0014-B,39
ARRAY_COMPRESS_UDI,IN11,I,S0014-B,39
ARRAY_COMPRESS_UDI,IN12,I,S0014-B,39
ARRAY_COMPRESS_UDI,IN13,I,S0014-B,39
ARRAY_COMPRESS_UDI,IN14,I,S0014-B,39
ARRAY_COMPRESS_UDI,IN15,I,S0014-B,39
ARRAY_COMPRESS_UDI,IN16,I,S0014-B,39
ARRAY_COMPRESS_UDI,IN17,I,S0014-B,39
ARRAY_COMPRESS_UDI,IN18,I,S0014-B,39
ARRAY_COMPRESS_UDI,IN19,I,S0014-B,39
ARRAY_COMPRESS_UDI,IN2,I,S0014-B,39
ARRAY_COMPRESS_UDI,IN20,I,S0014-B,39
ARRAY_COMPRESS_UDI,IN21,I,S0014-B,39
ARRAY_COMPRESS_UDI,IN22,I,S0014-B,39
ARRAY_COMPRESS_UDI,IN23,I,S0014-B,39
ARRAY_COMPRESS_UDI,IN24,I,S0014-B,39
ARRAY_COMPRESS_UDI,IN25,I,S0014-B,39
ARRAY_COMPRESS_UDI,IN26,I,S0014-B,39
ARRAY_COMPRESS_UDI,IN27,I,S0014-B,39
ARRAY_COMPRESS_UDI,IN28,I,S0014-B,39
ARRAY_COMPRESS_UDI,IN29,I,S0014-B,39
ARRAY_COMPRESS_UDI,IN3,I,S0014-B,39
ARRAY_COMPRESS_UDI,IN30,I,S0014-B,39
ARRAY_COMPRESS_UDI,IN31,I,S0014-B,39
ARRAY_COMPRESS_UDI,IN4,I,S0014-B,39
ARRAY_COMPRESS_UDI,IN5,I,S0014-B,39
ARRAY_COMPRESS_UDI,IN6,I,S0014-B,39
ARRAY_COMPRESS_UDI,IN7,I,S0014-B,39
ARRAY_COMPRESS_UDI,IN8,I,S0014-B,39
ARRAY_COMPRESS_UDI,IN9,I,S0014-B,39
ARRAY_COMPRESS_UDI,INDEX_ENABLE,I,S0014-B,39
ARRAY_COMPRESS_UDI,N,I,S0014-B,39
ARRAY_COMPRESS_UDI,OUT,O,S0014-B,39
ARRAY_EMPTY,ENABLE,I,S0014-B,40
ARRAY_EMPTY,IN_ARRAY,I,S0014-B,40
ARRAY_EMPTY,IN_INDEX,I,S0014-B,40
ARRAY_EMPTY,OUT1,O,S0014-B,40
ARRAY_EMPTY,OUT10,O,S0014-B,40
ARRAY_EMPTY,OUT11,O,S0014-B,40
ARRAY_EMPTY,OUT12,O,S0014-B,40
ARRAY_EMPTY,OUT13,O,S0014-B,40
ARRAY_EMPTY,OUT14,O,S0014-B,40
ARRAY_EMPTY,OUT15,O,S0014-B,40
ARRAY_EMPTY,OUT16,O,S0014-B,40
ARRAY_EMPTY,OUT17,O,S0014-B,40
ARRAY_EMPTY,OUT18,O,S0014-B,40
ARRAY_EMPTY,OUT19,O,S0014-B,40
ARRAY_EMPTY,OUT2,O,S0014-B,40
ARRAY_EMPTY,OUT20,O,S0014-B,40
ARRAY_EMPTY,OUT21,O,S0014-B,40
ARRAY_EMPTY,OUT22,O,S0014-B,40
ARRAY_EMPTY,OUT23,O,S0014-B,40
ARRAY_EMPTY,OUT24,O,S0014-B,40
ARRAY_EMPTY,OUT25,O,S0014-B,40
ARRAY_EMPTY,OUT26,O,S0014-B,40
ARRAY_EMPTY,OUT27,O,S0014-B,40
ARRAY_EMPTY,OUT28,O,S0014-B,40
ARRAY_EMPTY,OUT29,O,S0014-B,40
ARRAY_EMPTY,OUT3,O,S0014-B,40
ARRAY_EMPTY,OUT30,O,S0014-B,40
ARRAY_EMPTY,OUT31,O,S0014-B,40
ARRAY_EMPTY,OUT32,O,S0014-B,40
ARRAY_EMPTY,OUT4,O,S0014-B,40
ARRAY_EMPTY,OUT5,O,S0014-B,40
ARRAY_EMPTY,OUT6,O,S0014-B,40
ARRAY_EMPTY,OUT7,O,S0014-B,40
ARRAY_EMPTY,OUT8,O,S0014-B,40
ARRAY_EMPTY,OUT9,O,S0014-B,40
ARRAY_EXPAND,IN,I,S0014-B,41
ARRAY_EXPAND,INDEX_ENABLE,I,S0014-B,41
ARRAY_EXPAND,N,I,S0014-B,41
ARRAY_EXPAND,OUT0,O,S0014-B,41
ARRAY_EXPAND,OUT1,O,S0014-B,41
ARRAY_EXPAND,OUT2,O,S0014-B,41
ARRAY_EXPAND,OUT3,O,S0014-B,41
ARRAY_EXPAND,OUT4,O,S0014-B,41
ARRAY_EXPAND,OUT5,O,S0014-B,41
ARRAY_EXPAND,OUT6,O,S0014-B,41
ARRAY_EXPAND,OUT7,O,S0014-B,41
ARRAY_EXPAND,OUT8,O,S0014-B,41
ARRAY_EXPAND,OUT9,O,S0014-B,41
ARRAY_EXPAND,OUTA,O,S0014-B,41
ARRAY_EXPAND,OUTB,O,S0014-B,41
ARRAY_EXPAND,OUTC,O,S0014-B,41
ARRAY_EXPAND,OUTD,O,S0014-B,41
ARRAY_EXPAND,OUTE,O,S0014-B,41
ARRAY_EXPAND,OUTF,O,S0014-B,41
ARRAY_EXPAND_UDI,IN,I,S0014-B,43
ARRAY_EXPAND_UDI,INDEX_ENABLE,I,S0014-B,43
ARRAY_EXPAND_UDI,N,I,S0014-B,43
ARRAY_EXPAND_UDI,OUT0,O,S0014-B,43
ARRAY_EXPAND_UDI,OUT1,O,S0014-B,43
ARRAY_EXPAND_UDI,OUT1F,O,S0014-B,43
ARRAY_EXPAND_UDI,OUT2,O,S0014-B,43
ARRAY_EXPAND_UDI,OUT3,O,S0014-B,43
ARRAY_EXPAND_UDI,OUT4,O,S0014-B,43
ARRAY_EXPAND_UDI,OUT5,O,S0014-B,43
ARRAY_EXPAND_UDI,OUT6,O,S0014-B,43
ARRAY_EXPAND_UDI,OUT7,O,S0014-B,43
ARRAY_EXPAND_UDI,OUT8,O,S0014-B,43
ARRAY_EXPAND_UDI,OUT9,O,S0014-B,43
ARRAY_EXPAND_UDI,OUTA,O,S0014-B,43
ARRAY_FILL,ENABLE,I,S0014-B,44
ARRAY_FILL,IN1,I,S0014-B,44
ARRAY_FILL,IN10,I,S0014-B,44
ARRAY_FILL,IN11,I,S0014-B,44
ARRAY_FILL,IN12,I,S0014-B,44
ARRAY_FILL,IN13,I,S0014-B,44
ARRAY_FILL,IN14,I,S0014-B,44
ARRAY_FILL,IN15,I,S0014-B,44
ARRAY_FILL,IN16,I,S0014-B,44
ARRAY_FILL,IN17,I,S0014-B,44
ARRAY_FILL,IN18,I,S0014-B,44
ARRAY_FILL,IN19,I,S0014-B,44
ARRAY_FILL,IN2,I,S0014-B,44
ARRAY_FILL,IN20,I,S0014-B,44
ARRAY_FILL,IN21,I,S0014-B,44
ARRAY_FILL,IN22,I,S0014-B,44
ARRAY_FILL,IN23,I,S0014-B,44
ARRAY_FILL,IN24,I,S0014-B,44
ARRAY_FILL,IN25,I,S0014-B,44
ARRAY_FILL,IN26,I,S0014-B,44
ARRAY_FILL,IN27,I,S0014-B,44
ARRAY_FILL,IN28,I,S0014-B,44
ARRAY_FILL,IN29,I,S0014-B,44
ARRAY_FILL,IN3,I,S0014-B,44
ARRAY_FILL,IN30,I,S0014-B,44
ARRAY_FILL,IN31,I,S0014-B,44
ARRAY_FILL,IN32,I,S0014-B,44
ARRAY_FILL,IN4,I,S0014-B,44
ARRAY_FILL,IN5,I,S0014-B,44
ARRAY_FILL,IN6,I,S0014-B,44
ARRAY_FILL,IN7,I,S0014-B,44
ARRAY_FILL,IN8,I,S0014-B,44
ARRAY_FILL,IN9,I,S0014-B,44
ARRAY_FILL,OUT_ARRAY,O,S0014-B,44
ARRAY_FILL,OUT_INDEX,I,S0014-B,44
ARRAY_FIND,ENABLE,I,S0014-B,45
ARRAY_FIND,IN_ARRAY,I,S0014-B,45
ARRAY_FIND,IN_INDEX,I,S0014-B,45
ARRAY_FIND,IN_VALUE,I,S0014-B,45
ARRAY_FIND,OUT,O,S0014-B,45
ARRAY_FIND,OUT_INDEX,O,S0014-B,45
ARRAY_FIND,SENS,I,S0014-B,45
ARRAY_MINMAX,ENABLE,I,S0014-B,46
ARRAY_MINMAX,FUNC,I,S0014-B,46
ARRAY_MINMAX,IN,I,S0014-B,46
ARRAY_MINMAX,INDEX,O,S0014-B,46
ARRAY_MINMAX,INDEX_ENABLE,I,S0014-B,46
ARRAY_MINMAX,N,I,S0014-B,46
ARRAY_MINMAX,VALUE,O,S0014-B,46
ARRAY_RUNG,A,I,S0014-B,47
ARRAY_RUNG,B,I,S0014-B,47
ARRAY_RUNG,C,I,S0014-B,47
ARRAY_RUNG,D,I,S0014-B,47
ARRAY_RUNG,E,I,S0014-B,47
ARRAY_RUNG,EQN,I,S0014-B,47
ARRAY_RUNG,F,I,S0014-B,47
ARRAY_RUNG,G,I,S0014-B,47
ARRAY_RUNG,H,I,S0014-B,47
ARRAY_RUNG,I,I,S0014-B,47
ARRAY_RUNG,J,I,S0014-B,47
ARRAY_RUNG,K,I,S0014-B,47
ARRAY_RUNG,L,I,S0014-B,47
ARRAY_RUNG,M,I,S0014-B,47
ARRAY_RUNG,N,I,S0014-B,47
ARRAY_RUNG,NVal,I,S0014-B,47
ARRAY_RUNG,O,I,S0014-B,47
ARRAY_RUNG,OUT_ARRAY,O,S0014-B,47
ARRAY_RUNG,P,I,S0014-B,47
ARRAY_SUM,ENABLE,I,S0014-B,48
ARRAY_SUM,IN,I,S0014-B,48
ARRAY_SUM,INDEX_ENABLE,I,S0014-B,48
ARRAY_SUM,N,I,S0014-B,48
ARRAY_SUM,OUT,O,S0014-B,48
ASTEPDRUM,2OUT,I,GEI-100679,17
ASTEPDRUM,DEC,I,GEI-100679,17
ASTEPDRUM,INC,I,GEI-100679,17
ASTEPDRUM,MN_REJ,O,GEI-100679,17
ASTEPDRUM,N1,I,GEI-100679,17
ASTEPDRUM,N10,I,S0010-0,22
ASTEPDRUM,N11,I,S0010-0,22
ASTEPDRUM,N12,I,S0010-0,22
ASTEPDRUM,N13,I,S0010-0,22
ASTEPDRUM,N14,I,S0010-0,22
ASTEPDRUM,N15,I,S0010-0,22
ASTEPDRUM,N16,I,S0010-0,22
ASTEPDRUM,N17,I,S0010-0,22
ASTEPDRUM,N18,I,S0010-0,22
ASTEPDRUM,N19,I,S0010-0,22
ASTEPDRUM,N2,I,S0010-0,22
ASTEPDRUM,N20,I,S0010-0,22
ASTEPDRUM,N21,I,S0010-0,22
ASTEPDRUM,N22,I,S0010-0,22
ASTEPDRUM,N23,I,S0010-0,22
ASTEPDRUM,N24,I,S0010-0,22
ASTEPDRUM,N25,I,S0010-0,22
ASTEPDRUM,N26,I,S0010-0,22
ASTEPDRUM,N27,I,S0010-0,22
ASTEPDRUM,N28,I,S0010-0,22
ASTEPDRUM,N29,I,S0010-0,22
ASTEPDRUM,N3,I,S0010-0,22
ASTEPDRUM,N30,I,S0010-0,22
ASTEPDRUM,N31,I,S0010-0,22
ASTEPDRUM,N32,I,S0010-0,22
ASTEPDRUM,N4,I,S0010-0,22
ASTEPDRUM,N5,I,S0010-0,22
ASTEPDRUM,N6,I,S0010-0,22
ASTEPDRUM,N7,I,S0010-0,22
ASTEPDRUM,N8,I,S0010-0,22
ASTEPDRUM,N9,I,S0010-0,22
ASTEPDRUM,NMAX,I,S0010-0,22
ASTEPDRUM,OUT1,O,GEI-100679,17
ASTEPDRUM,OUT2,O,GEI-100679,17
ASTEPDRUM,STEP,O,GEI-100679,17
ASTEPDRUM,TRK_MOD,I,S0010-0,22
ASTEPDRUM,TRK_STEP,I,S0010-0,22
AVRG,ENABLE,I,S0014-B,49
AVRG,IN,I,S0014-B,49
AVRG,N,I,S0014-B,49
AVRG,OUT,O,S0014-B,49
AVRG,PRESET,I,S0014-B,49
AVRG_STATUS,ENABLE,I,S0014-B~AVRG,49
AVRG_STATUS,IN,I,S0014-B~AVRG,49
AVRG_STATUS,N,I,S0014-B~AVRG,49
AVRG_STATUS,OUT,O,S0014-B~AVRG,49
AVRG_STATUS,PRESET,I,S0014-B~AVRG,49
BIT_CNTR,COUNT,O,S0014-B,50
BIT_CNTR,IN1,I,S0014-B,50
BIT_CNTR,IN10,I,S0014-B,50
BIT_CNTR,IN11,I,S0014-B,50
BIT_CNTR,IN12,I,S0014-B,50
BIT_CNTR,IN13,I,S0014-B,50
BIT_CNTR,IN14,I,S0014-B,50
BIT_CNTR,IN15,I,S0014-B,50
BIT_CNTR,IN16,I,S0014-B,50
BIT_CNTR,IN17,I,S0014-B,50
BIT_CNTR,IN18,I,S0014-B,50
BIT_CNTR,IN19,I,S0014-B,50
BIT_CNTR,IN2,I,S0014-B,50
BIT_CNTR,IN20,I,S0014-B,50
BIT_CNTR,IN21,I,S0014-B,50
BIT_CNTR,IN22,I,S0014-B,50
BIT_CNTR,IN23,I,S0014-B,50
BIT_CNTR,IN24,I,S0014-B,50
BIT_CNTR,IN25,I,S0014-B,50
BIT_CNTR,IN26,I,S0014-B,50
BIT_CNTR,IN27,I,S0014-B,50
BIT_CNTR,IN28,I,S0014-B,50
BIT_CNTR,IN29,I,S0014-B,50
BIT_CNTR,IN3,I,S0014-B,50
BIT_CNTR,IN30,I,S0014-B,50
BIT_CNTR,IN31,I,S0014-B,50
BIT_CNTR,IN32,I,S0014-B,50
BIT_CNTR,IN4,I,S0014-B,50
BIT_CNTR,IN5,I,S0014-B,50
BIT_CNTR,IN6,I,S0014-B,50
BIT_CNTR,IN7,I,S0014-B,50
BIT_CNTR,IN8,I,S0014-B,50
BIT_CNTR,IN9,I,S0014-B,50
BOOLEAN_ALARM,IN,I,S0014-B,53
BOOLEAN_ALARM,Unshelve,I,S0014-B,53
BREAKER,AUTO,O,GEI-100679,34
BREAKER,AUTO_P,O,GEI-100679,34
BREAKER,AU_CL,I,GEI-100679,33
BREAKER,AU_OP,I,GEI-100679,33
BREAKER,AU_PMT,I,GEI-100679,33
BREAKER,AU_REQ,O,GEI-100679,34
BREAKER,AU_SEL,I,GEI-100679,33
BREAKER,AVAIL,I,GEI-100679,33
BREAKER,AVAIL_A,O,GEI-100679,34
BREAKER,AVAIL_P,O,GEI-100679,34
BREAKER,BK_OP_A,O,GEI-100679,34
BREAKER,BK_OP_P,O,GEI-100679,34
BREAKER,CLOSED,O,GEI-100679,35
BREAKER,CL_FLR,O,GEI-100679,35
BREAKER,CL_FRC,I,GEI-100679,33
BREAKER,CL_INP,I,GEI-100679,33
BREAKER,CL_ORD,O,GEI-100679,35
BREAKER,CL_PMT,I,GEI-100679,33
BREAKER,CONGR_A,O,GEI-100679,35
BREAKER,CP_F_A,O,GEI-100679,35
BREAKER,CP_OK,I,GEI-100679,33
BREAKER,CP_OK_P,O,GEI-100679,35
BREAKER,CTL,I,S0010-0,34
BREAKER,CTR,O,GEI-100679,35
BREAKER,FAULT,O,GEI-100679,35
BREAKER,FAULT_RESET,I,S0010-0,34
BREAKER,FL_CL_A,O,GEI-100679,35
BREAKER,FL_CL_T,I,S0010-0,34
BREAKER,FL_OP_A,O,GEI-100679,35
BREAKER,FL_OP_T,I,GEI-100679,34
BREAKER,FRC_CL,O,GEI-100679,35
BREAKER,FRC_CLB,O,GEI-100679,35
BREAKER,FRC_OP,O,GEI-100679,35
BREAKER,FRC_OPB,O,GEI-100679,35
BREAKER,FUSE_MON_P,O,GEI-100679,35
BREAKER,IO_MON,I,GEI-100679,34
BREAKER,IO_OPT,I,GEI-100679,34
BREAKER,LOCAL,O,GEI-100679,35
BREAKER,LOCK,O,GEI-100679,35
BREAKER,LOCK_P,O,GEI-100679,35
BREAKER,MN_REJ,I,GEI-100679,34
BREAKER,MN_REJ_A,O,GEI-100679,35
BREAKER,MODE,O,GEI-100679,35
BREAKER,MODE_OPT,I,GEI-100679,34
BREAKER,OPEN,O,GEI-100679,35
BREAKER,OP_FLR,O,GEI-100679,35
BREAKER,OP_FRC,I,GEI-100679,34
BREAKER,OP_INP,I,GEI-100679,34
BREAKER,OP_ORD,O,GEI-100679,35
BREAKER,OP_PMT,I,GEI-100679,34
BREAKER,OUT,O,GEI-100679,34
BREAKER,OVR_TRP,O,GEI-100679,35
BREAKER,OVR_TRPB,O,GEI-100679,35
BREAKER,PBSTATE,O,GEI-100679,35
BREAKER,PMT_AU,O,GEI-100679,35
BREAKER,PMT_AUB,O,GEI-100679,36
BREAKER,PMT_CL,O,GEI-100679,36
BREAKER,PMT_CLB,O,GEI-100679,36
BREAKER,PMT_OP,O,GEI-100679,36
BREAKER,PMT_OPB,O,GEI-100679,36
BREAKER,PR_TRP,I,GEI-100679,34
BREAKER,PR_TRP_P,O,GEI-100679,36
BREAKER,PR_TR_A,O,GEI-100679,36
BREAKER,PWR_FL_TMR,I,S0010-0,34
BREAKER,RCKD_IN,I,S0010-0,34
BREAKER,RCKD_IN_P,O,GEI-100679,36
BREAKER,RCKD_OT,O,GEI-100679,36
BREAKER,RDY_CLS,I,S0010-0,34
BREAKER,RDY_OPN,I,S0010-0,34
BREAKER,REJ_MN,O,GEI-100679,36
BREAKER,REJ_MNB,O,GEI-100679,36
BREAKER,REMOTE,I,S0010-0,34
BREAKER,REM_P,O,GEI-100679,36
BREAKER,TK,I,S0010-0,34
BREAKER,TRIPPED,O,GEI-100679,36
BREAKER,TRIP_ONLY_P,O,GEI-100679,36
BREAKER,TRP_OVR,I,S0010-0,34
BREAKER,VOLT_MON_P,O,GEI-100679,36
BREAKER_V2,AUTO,O,S0010-0,53
BREAKER_V2,AUTO_P,O,S0010-0,53
BREAKER_V2,AU_CL,I,S0010-0,52
BREAKER_V2,AU_OP,I,S0010-0,52
BREAKER_V2,AU_PMT,I,S0010-0,52
BREAKER_V2,AU_REQ,O,S0010-0,53
BREAKER_V2,AU_SEL,I,S0010-0,52
BREAKER_V2,AVAIL,I,S0010-0,52
BREAKER_V2,AVAIL_A,O,S0010-0,53
BREAKER_V2,AVAIL_P,O,S0010-0,53
BREAKER_V2,BK_OP_A,O,S0010-0,53
BREAKER_V2,BK_OP_P,O,S0010-0,53
BREAKER_V2,CLOSED,O,S0010-0,53
BREAKER_V2,CL_FLR,O,S0010-0,53
BREAKER_V2,CL_FRC,I,S0010-0,52
BREAKER_V2,CL_INP,I,S0010-0,52
BREAKER_V2,CL_ORD,O,S0010-0,53
BREAKER_V2,CL_PMT,I,S0010-0,52
BREAKER_V2,CONGR_A,O,S0010-0,53
BREAKER_V2,CP_F_A,O,S0010-0,53
BREAKER_V2,CP_OK,I,S0010-0,52
BREAKER_V2,CP_OK_P,O,S0010-0,53
BREAKER_V2,CTL,I,S0010-0,52
BREAKER_V2,CTR,O,S0010-0,53
BREAKER_V2,FAULT,O,S0010-0,53
BREAKER_V2,FAULT_RESET,I,S0010-0,52
BREAKER_V2,FL_CL_A,O,S0010-0,53
BREAKER_V2,FL_CL_T,I,S0010-0,52
BREAKER_V2,FL_OP_A,O,S0010-0,53
BREAKER_V2,FL_OP_T,I,S0010-0,52
BREAKER_V2,FRC_CL,O,S0010-0,53
BREAKER_V2,FRC_CLB,O,S0010-0,53
BREAKER_V2,FRC_OP,O,S0010-0,53
BREAKER_V2,FRC_OPB,O,S0010-0,53
BREAKER_V2,FUSE_MON_P,O,S0010-0,53
BREAKER_V2,IO_MON,I,S0010-0,52
BREAKER_V2,IO_OPT,I,S0010-0,52
BREAKER_V2,LOCAL,O,S0010-0,53
BREAKER_V2,LOCK,O,S0010-0,53
BREAKER_V2,LOCK_P,O,S0010-0,53
BREAKER_V2,MN_REJ,I,S0010-0,52
BREAKER_V2,MN_REJ_A,O,S0010-0,53
BREAKER_V2,MODE,O,S0010-0,53
BREAKER_V2,MODE_OPT,I,S0010-0,52
BREAKER_V2,OPEN,O,S0010-0,53
BREAKER_V2,OP_FLR,O,S0010-0,53
BREAKER_V2,OP_FRC,I,S0010-0,52
BREAKER_V2,OP_INP,I,S0010-0,52
BREAKER_V2,OP_ORD,O,S0010-0,53
BREAKER_V2,OP_PMT,I,S0010-0,52
BREAKER_V2,OUT,O,S0010-0,53
BREAKER_V2,OVR_TRP,O,S0010-0,53
BREAKER_V2,OVR_TRPB,O,S0010-0,53
BREAKER_V2,PBSTATE,O,S0010-0,53
BREAKER_V2,PMT_AU,O,S0010-0,53
BREAKER_V2,PMT_AUB,O,S0010-0,53
BREAKER_V2,PMT_CL,O,S0010-0,53
BREAKER_V2,PMT_CLB,O,S0010-0,53
BREAKER_V2,PMT_OP,O,S0010-0,53
BREAKER_V2,PMT_OPB,O,S0010-0,53
BREAKER_V2,PR_TRP,I,S0010-0,52
BREAKER_V2,PR_TRP_P,O,S0010-0,53
BREAKER_V2,PR_TR_A,O,S0010-0,53
BREAKER_V2,PWR_FL_TMR,I,S0010-0,52
BREAKER_V2,RCKD_IN,I,S0010-0,52
BREAKER_V2,RCKD_IN_P,O,S0010-0,53
BREAKER_V2,RCKD_OT,O,S0010-0,53
BREAKER_V2,RDY_CLS,I,S0010-0,52
BREAKER_V2,RDY_OPN,I,S0010-0,52
BREAKER_V2,REJ_MN,O,S0010-0,53
BREAKER_V2,REJ_MNB,O,S0010-0,53
BREAKER_V2,REMOTE,I,S0010-0,52
BREAKER_V2,REM_P,O,S0010-0,53
BREAKER_V2,TK,I,S0010-0,52
BREAKER_V2,TRIPPED,O,S0010-0,54
BREAKER_V2,TRIP_ONLY_P,O,S0010-0,53
BREAKER_V2,TRP_OVR,I,S0010-0,52
BREAKER_V2,VOLT_MON_P,O,S0010-0,54
BSORT,DEST,O,S0014-B,54
BSORT,ENABLE,I,S0014-B,54
BSORT,INDEX,O,S0014-B,54
BSORT,N,I,S0014-B,54
BSORT,SRC,I,S0014-B,54
CALC,A,I,S0014-B,56
CALC,B,I,S0014-B,56
CALC,C,I,S0014-B,56
CALC,D,I,S0014-B,56
CALC,E,I,S0014-B,56
CALC,ENABLE,I,S0014-B,56
CALC,EQUAT,I,S0014-B,56
CALC,F,I,S0014-B,56
CALC,G,I,S0014-B,56
CALC,H,I,S0014-B,56
CALC,OUT,O,S0014-B,56
CALC_STATUS,A,I,S0014-B~CALC,56
CALC_STATUS,B,I,S0014-B~CALC,56
CALC_STATUS,C,I,S0014-B~CALC,56
CALC_STATUS,D,I,S0014-B~CALC,56
CALC_STATUS,E,I,S0014-B~CALC,56
CALC_STATUS,ENABLE,I,S0014-B~CALC,56
CALC_STATUS,EQUAT,I,S0014-B~CALC,56
CALC_STATUS,F,I,S0014-B~CALC,56
CALC_STATUS,G,I,S0014-B~CALC,56
CALC_STATUS,H,I,S0014-B~CALC,56
CALC_STATUS,OUT,O,S0014-B~CALC,56
CAPTURE,DONE,O,S0014-B,59
CAPTURE,STATUS,O,S0014-B,59
CAPTURE,TR_TYPE,I,STD-revAG,58
CAPTURE,TR_VAL,I,S0014-B,59
CAPTURE,TR_VAR,I,S0014-B,59
CAPTURE,TSTAMP,I,S0014-B,59
CAPTURE,UPL_TYPE,I,S0014-B,59
CAPTURE,VAR1,I,S0014-B,59
CAPTURE,VAR10,I,S0014-B,59
CAPTURE,VAR11,I,S0014-B,59
CAPTURE,VAR12,I,S0014-B,59
CAPTURE,VAR13,I,S0014-B,59
CAPTURE,VAR14,I,S0014-B,59
CAPTURE,VAR15,I,S0014-B,59
CAPTURE,VAR16,I,S0014-B,59
CAPTURE,VAR17,I,S0014-B,59
CAPTURE,VAR18,I,S0014-B,59
CAPTURE,VAR19,I,S0014-B,59
CAPTURE,VAR2,I,S0014-B,59
CAPTURE,VAR20,I,S0014-B,59
CAPTURE,VAR21,I,S0014-B,59
CAPTURE,VAR22,I,S0014-B,59
CAPTURE,VAR23,I,S0014-B,59
CAPTURE,VAR24,I,S0014-B,59
CAPTURE,VAR25,I,S0014-B,59
CAPTURE,VAR26,I,S0014-B,59
CAPTURE,VAR27,I,S0014-B,59
CAPTURE,VAR28,I,S0014-B,59
CAPTURE,VAR29,I,S0014-B,59
CAPTURE,VAR3,I,S0014-B,59
CAPTURE,VAR30,I,S0014-B,59
CAPTURE,VAR31,I,S0014-B,59
CAPTURE,VAR32,I,S0014-B,59
CAPTURE,VAR4,I,S0014-B,59
CAPTURE,VAR5,I,S0014-B,59
CAPTURE,VAR6,I,S0014-B,59
CAPTURE,VAR7,I,S0014-B,59
CAPTURE,VAR8,I,S0014-B,59
CAPTURE,VAR9,I,S0014-B,59
CHG_DET,DBAND,I,S0014-B,64
CHG_DET,IN,I,S0014-B,64
CHG_DET,NZBAND,I,S0014-B,64
CHG_DET,NZFLAG,S,S0014-B,64
CHG_DET,OUT,O,S0014-B,64
CHG_DET,STATE,S,S0014-B,64
CLAMP,ENABLE,I,S0014-B,65
CLAMP,IN,I,S0014-B,65
CLAMP,IN_MAX,O,S0014-B,65
CLAMP,IN_MIN,O,S0014-B,65
CLAMP,MAX,I,S0014-B,65
CLAMP,MIN,I,S0014-B,65
CLAMP,OUT,O,S0014-B,65
CLAMP_STATUS,ENABLE,I,S0014-B~CLAMP,65
CLAMP_STATUS,IN,I,S0014-B~CLAMP,65
CLAMP_STATUS,IN_MAX,O,S0014-B~CLAMP,65
CLAMP_STATUS,IN_MIN,O,S0014-B~CLAMP,65
CLAMP_STATUS,MAX,I,S0014-B~CLAMP,65
CLAMP_STATUS,MIN,I,S0014-B~CLAMP,65
CLAMP_STATUS,OUT,O,S0014-B~CLAMP,65
CMD_DISABLE,ALL_DIS,I,S0014-B,69
CMD_DISABLE,EGD_CMP_DIS,I,S0014-B,69
CMD_DISABLE,EGD_CMP_ERR_ENA,I,S0014-B,69
CMD_DISABLE,EGD_CMP_ERR_VAL,I,S0014-B,69
CMD_DISABLE,MBUS_DIS,I,S0014-B,69
CMD_DISABLE,MBUS_NAK_ENA,I,S0014-B,69
CMD_DISABLE,MBUS_NAK_VAL,I,S0014-B,69
CMD_DISABLE,OPC_DIS,I,S0014-B,69
CMD_DISABLE,OPC_ERR_ENA,I,S0014-B,69
CMD_DISABLE,OPC_ERR_VAL,I,S0014-B,69
CMD_DISABLE,WEB_DIS,I,S0014-B,69
CMD_DISABLE,WEB_ERR_ENA,I,S0014-B,69
CMD_DISABLE,WEB_ERR_VAL,I,S0014-B,69
CODETIMER,DELTA,O,S0014-B,67
CODETIMER,DTIME,S,S0014-B,67
CODETIMER,ENABLE,I,S0014-B,67
CODETIMER,MAX,O,S0014-B,67
CODETIMER,MIN,O,S0014-B,67
CODETIMER,NPBAND,O,S0014-B,67
CODETIMER,OFFSET,I,S0014-B,67
CODETIMER,PBAND,I,S0014-B,67
CODETIMER,SWEEPS,O,S0014-B,67
CODETIMER,WORST1,O,S0014-B,67
CODETIMER,WORST2,O,S0014-B,67
CODETIMER,WORST3,O,S0014-B,67
CODETIMER,WORST4,O,S0014-B,67
CODETIMER,WORST5,O,S0014-B,67
COMPARE,FUNC,I,S0014-B,77
COMPARE,HYST,I,S0014-B,77
COMPARE,IN1,I,S0014-B,77
COMPARE,IN2,I,S0014-B,77
COMPARE,OUT,O,S0014-B,77
COMPARE,SENS,I,S0014-B,77
COMPRESS,IN0,I,S0014-B,78
COMPRESS,IN1,I,S0014-B,78
COMPRESS,IN10,I,S0014-B,78
COMPRESS,IN11,I,S0014-B,78
COMPRESS,IN12,I,S0014-B,78
COMPRESS,IN13,I,S0014-B,78
COMPRESS,IN14,I,S0014-B,78
COMPRESS,IN15,I,S0014-B,78
COMPRESS,IN2,I,S0014-B,78
COMPRESS,IN3,I,S0014-B,78
COMPRESS,IN4,I,S0014-B,78
COMPRESS,IN5,I,S0014-B,78
COMPRESS,IN6,I,S0014-B,78
COMPRESS,IN7,I,S0014-B,78
COMPRESS,IN8,I,S0014-B,78
COMPRESS,IN9,I,S0014-B,78
COMPRESS,OUT,O,S0014-B,78
COMPRESS_UDI,IN0,I,S0014-B,79
COMPRESS_UDI,IN1,I,S0014-B,79
COMPRESS_UDI,IN10,I,S0014-B,79
COMPRESS_UDI,IN11,I,S0014-B,79
COMPRESS_UDI,IN12,I,S0014-B,79
COMPRESS_UDI,IN13,I,S0014-B,79
COMPRESS_UDI,IN14,I,S0014-B,79
COMPRESS_UDI,IN15,I,S0014-B,79
COMPRESS_UDI,IN16,I,S0014-B,79
COMPRESS_UDI,IN17,I,S0014-B,79
COMPRESS_UDI,IN18,I,S0014-B,79
COMPRESS_UDI,IN19,I,S0014-B,79
COMPRESS_UDI,IN2,I,S0014-B,79
COMPRESS_UDI,IN20,I,S0014-B,79
COMPRESS_UDI,IN21,I,S0014-B,79
COMPRESS_UDI,IN22,I,S0014-B,79
COMPRESS_UDI,IN23,I,S0014-B,79
COMPRESS_UDI,IN24,I,S0014-B,79
COMPRESS_UDI,IN25,I,S0014-B,79
COMPRESS_UDI,IN26,I,S0014-B,79
COMPRESS_UDI,IN27,I,S0014-B,79
COMPRESS_UDI,IN28,I,S0014-B,79
COMPRESS_UDI,IN29,I,S0014-B,79
COMPRESS_UDI,IN3,I,S0014-B,79
COMPRESS_UDI,IN30,I,S0014-B,79
COMPRESS_UDI,IN31,I,S0014-B,79
COMPRESS_UDI,IN4,I,S0014-B,79
COMPRESS_UDI,IN5,I,S0014-B,79
COMPRESS_UDI,IN6,I,S0014-B,79
COMPRESS_UDI,IN7,I,S0014-B,79
COMPRESS_UDI,IN8,I,S0014-B,79
COMPRESS_UDI,IN9,I,S0014-B,79
COMPRESS_UDI,OUT,O,S0014-B,79
CONVERT,DENOM1,I,GEI-100679,45
CONVERT,DENOM2,I,GEI-100679,45
CONVERT,IN,I,GEI-100679,45
CONVERT,NUM,I,GEI-100679,45
CONVERT,OUT,O,GEI-100679,45
CONVERT_STATUS,DENOM1,I,GEI-100679~CONVERT,45
CONVERT_STATUS,DENOM2,I,GEI-100679~CONVERT,45
CONVERT_STATUS,IN,I,GEI-100679~CONVERT,45
CONVERT_STATUS,NUM,I,GEI-100679~CONVERT,45
CONVERT_STATUS,OUT,O,GEI-100679~CONVERT,45
CTD,AT_CNT,O,S0014-B,86
CTD,CUR_CNT,O,S0014-B,86
CTD,DEC,I,S0014-B,86
CTD,ENABLE,I,S0014-B,86
CTD,MAX_CNT,I,S0014-B,86
CTD,RESET,I,S0014-B,86
CTRLR_MON,FAN1_FAIL_R,O,S0014-B,84
CTRLR_MON,FAN1_FAIL_S,O,S0014-B,84
CTRLR_MON,FAN1_FAIL_T,O,S0014-B,84
CTRLR_MON,FAN2_FAIL_R,O,S0014-B,84
CTRLR_MON,FAN2_FAIL_S,O,S0014-B,84
CTRLR_MON,FAN2_FAIL_T,O,S0014-B,84
CTRLR_MON,HW_ALARM_R,O,S0014-B,84
CTRLR_MON,HW_ALARM_S,O,S0014-B,84
CTRLR_MON,HW_ALARM_T,O,S0014-B,84
CTRLR_MON,HW_TAMPER_R,O,S0014-B,84
CTRLR_MON,HW_TAMPER_S,O,S0014-B,84
CTRLR_MON,HW_TAMPER_T,O,S0014-B,84
CTRLR_MON,MEM_LOW1_R,O,S0014-B,84
CTRLR_MON,MEM_LOW1_S,O,S0014-B,84
CTRLR_MON,MEM_LOW1_T,O,S0014-B,84
CTRLR_MON,MEM_LOW2_R,O,S0014-B,84
CTRLR_MON,MEM_LOW2_S,O,S0014-B,84
CTRLR_MON,MEM_LOW2_T,O,S0014-B,84
CTRLR_MON,ONLINE_FL_TMR,I,S0014-B,84
CTRLR_MON,ONLINE_R,O,S0014-B,84
CTRLR_MON,ONLINE_S,O,S0014-B,84
CTRLR_MON,ONLINE_T,O,S0014-B,84
CTRLR_MON,OVERTEMP_R,O,S0014-B,84
CTRLR_MON,OVERTEMP_S,O,S0014-B,84
CTRLR_MON,OVERTEMP_T,O,S0014-B,84
CTRLR_MON,POWER_UP,O,S0014-B,84
CTRLR_MON,SIG_FORCED,O,S0014-B,84
CTRLR_MON,SIG_FORCED_NUM,O,S0014-B,84
CTU,AT_CNT,O,S0014-B,87
CTU,CUR_CNT,O,S0014-B,87
CTU,ENABLE,I,S0014-B,87
CTU,INC,I,S0014-B,87
CTU,MAX_CNT,I,S0014-B,87
CTU,RESET,I,S0014-B,87
DERIVATIVE,DIF_IN,I,S0014-B,89
DERIVATIVE,DIF_OUT,O,S0014-B,89
DERIVATIVE,ENABLE,I,S0014-B,89
DERIVATIVE,TC,I,S0014-B,89
DEVICE_HB,OUT,O,S0014-B,90
DIV,DENOM,I,S0014-B,91
DIV,M,O,S0014-B,91
DIV,NUM,I,S0014-B,91
DIV,OUT,O,S0014-B,91
DIV_STATUS,DENOM,I,S0014-B~DIV,91
DIV_STATUS,M,O,S0014-B~DIV,91
DIV_STATUS,NUM,I,S0014-B~DIV,91
DIV_STATUS,OUT,O,S0014-B~DIV,91
DSTEPDRUM,DEC,I,GEI-100679,47
DSTEPDRUM,INC,I,GEI-100679,47
DSTEPDRUM,MN_REJ,O,GEI-100679,48
DSTEPDRUM,N1,I,GEI-100679,47
DSTEPDRUM,N10,I,S0010-0,66
DSTEPDRUM,N11,I,S0010-0,66
DSTEPDRUM,N12,I,S0010-0,66
DSTEPDRUM,N13,I,S0010-0,66
DSTEPDRUM,N14,I,S0010-0,66
DSTEPDRUM,N15,I,S0010-0,66
DSTEPDRUM,N16,I,S0010-0,66
DSTEPDRUM,N17,I,S0010-0,66
DSTEPDRUM,N18,I,S0010-0,66
DSTEPDRUM,N19,I,S0010-0,66
DSTEPDRUM,N2,I,S0010-0,66
DSTEPDRUM,N20,I,S0010-0,66
DSTEPDRUM,N21,I,S0010-0,66
DSTEPDRUM,N22,I,S0010-0,66
DSTEPDRUM,N23,I,S0010-0,66
DSTEPDRUM,N24,I,S0010-0,66
DSTEPDRUM,N25,I,S0010-0,66
DSTEPDRUM,N26,I,S0010-0,66
DSTEPDRUM,N27,I,S0010-0,66
DSTEPDRUM,N28,I,S0010-0,66
DSTEPDRUM,N29,I,S0010-0,66
DSTEPDRUM,N3,I,S0010-0,66
DSTEPDRUM,N30,I,S0010-0,66
DSTEPDRUM,N31,I,S0010-0,66
DSTEPDRUM,N32,I,S0010-0,66
DSTEPDRUM,N4,I,S0010-0,66
DSTEPDRUM,N5,I,S0010-0,66
DSTEPDRUM,N6,I,S0010-0,66
DSTEPDRUM,N7,I,S0010-0,66
DSTEPDRUM,N8,I,S0010-0,66
DSTEPDRUM,N9,I,S0010-0,66
DSTEPDRUM,NMAX,I,S0010-0,66
DSTEPDRUM,OUT1,O,GEI-100679,48
DSTEPDRUM,OUT10,O,S0010-0,66
DSTEPDRUM,OUT11,O,S0010-0,66
DSTEPDRUM,OUT12,O,S0010-0,66
DSTEPDRUM,OUT13,O,S0010-0,66
DSTEPDRUM,OUT14,O,S0010-0,66
DSTEPDRUM,OUT15,O,S0010-0,66
DSTEPDRUM,OUT16,O,S0010-0,66
DSTEPDRUM,OUT17,O,S0010-0,66
DSTEPDRUM,OUT18,O,S0010-0,66
DSTEPDRUM,OUT19,O,S0010-0,66
DSTEPDRUM,OUT2,O,S0010-0,66
DSTEPDRUM,OUT20,O,S0010-0,66
DSTEPDRUM,OUT21,O,S0010-0,66
DSTEPDRUM,OUT22,O,S0010-0,66
DSTEPDRUM,OUT23,O,S0010-0,66
DSTEPDRUM,OUT24,O,S0010-0,66
DSTEPDRUM,OUT25,O,S0010-0,66
DSTEPDRUM,OUT26,O,S0010-0,66
DSTEPDRUM,OUT27,O,S0010-0,66
DSTEPDRUM,OUT28,O,S0010-0,66
DSTEPDRUM,OUT29,O,S0010-0,66
DSTEPDRUM,OUT3,O,S0010-0,66
DSTEPDRUM,OUT30,O,S0010-0,66
DSTEPDRUM,OUT31,O,S0010-0,66
DSTEPDRUM,OUT32,O,S0010-0,66
DSTEPDRUM,OUT4,O,S0010-0,66
DSTEPDRUM,OUT5,O,S0010-0,66
DSTEPDRUM,OUT6,O,S0010-0,66
DSTEPDRUM,OUT7,O,S0010-0,66
DSTEPDRUM,OUT8,O,S0010-0,66
DSTEPDRUM,OUT9,O,S0010-0,66
DSTEPDRUM,STEP,O,S0010-0,66
DSTEPDRUM,TRK_MOD,I,S0010-0,66
DSTEPDRUM,TRK_STEP,I,S0010-0,66
DUALSEL,A,I,GEI-100679,54
DUALSEL,ABQ,O,GEI-100679,54
DUALSEL,AD,O,GEI-100679,54
DUALSEL,AU_EN_P,I,GEI-100679,54
DUALSEL,B,I,GEI-100679,54
DUALSEL,BBQ,O,GEI-100679,54
DUALSEL,BD,O,GEI-100679,54
DUALSEL,CTL,I,GEI-100679,54
DUALSEL,DF,I,GEI-100679,54
DUALSEL,DL,I,GEI-100679,54
DUALSEL,DLDB,I,GEI-100679,54
DUALSEL,DS,I,GEI-100679,54
DUALSEL,DT,I,GEI-100679,54
DUALSEL,IN_ABQ,I,GEI-100679,54
DUALSEL,IN_BBQ,I,GEI-100679,54
DUALSEL,MODE,O,GEI-100679,54
DUALSEL,OBQ,O,GEI-100679,54
DUALSEL,ODH,O,GEI-100679,54
DUALSEL,OUT,O,GEI-100679,54
DUALSEL,RATE,I,GEI-100679,54
DUALSEL,SEL_P,O,GEI-100679,54
DUALSEL_V2,A,I,S0010-0,79
DUALSEL_V2,ABQ,O,S0010-0,79
DUALSEL_V2,AD,O,S0010-0,79
DUALSEL_V2,AU_EN_P,I,S0010-0,79
DUALSEL_V2,B,I,S0010-0,79
DUALSEL_V2,BBQ,O,S0010-0,79
DUALSEL_V2,BD,O,S0010-0,79
DUALSEL_V2,CTL,I,S0010-0,79
DUALSEL_V2,DF,I,S0010-0,79
DUALSEL_V2,DL,I,S0010-0,79
DUALSEL_V2,DLDB,I,S0010-0,79
DUALSEL_V2,DS,I,S0010-0,79
DUALSEL_V2,DT,I,S0010-0,79
DUALSEL_V2,IN_ABQ,I,S0010-0,79
DUALSEL_V2,IN_BBQ,I,S0010-0,79
DUALSEL_V2,MODE,O,S0010-0,79
DUALSEL_V2,OBQ,O,S0010-0,79
DUALSEL_V2,ODH,O,S0010-0,79
DUALSEL_V2,OUT,O,S0010-0,79
DUALSEL_V2,RATE,I,S0010-0,79
DUALSEL_V2,SEL_P,O,S0010-0,79
ENTHALPY_STM,IN_P,I,GEI-100679,57
ENTHALPY_STM,IN_PATM,I,GEI-100679,57
ENTHALPY_STM,IN_T,I,GEI-100679,57
ENTHALPY_STM,MEAS_SYS,I,GEI-100679,57
ENTHALPY_STM,OUT,O,GEI-100679,58
ENTHALPY_STM_STATUS,IN_P,I,GEI-100679~ENTHALPY_STM,57
ENTHALPY_STM_STATUS,IN_PATM,I,GEI-100679~ENTHALPY_STM,57
ENTHALPY_STM_STATUS,IN_T,I,GEI-100679~ENTHALPY_STM,57
ENTHALPY_STM_STATUS,MEAS_SYS,I,GEI-100679~ENTHALPY_STM,57
ENTHALPY_STM_STATUS,OUT,O,GEI-100679~ENTHALPY_STM,58
ENTHALPY_STM_V2,IN_P,I,S0010-0,85
ENTHALPY_STM_V2,IN_PATM,I,S0010-0,85
ENTHALPY_STM_V2,IN_T,I,S0010-0,85
ENTHALPY_STM_V2,MEAS_SYS,I,S0010-0,85
ENTHALPY_STM_V2,OUT,O,S0010-0,85
ENTHALPY_WTR,IN_P,I,GEI-100679,59
ENTHALPY_WTR,IN_PATM,I,GEI-100679,59
ENTHALPY_WTR,IN_T,I,GEI-100679,59
ENTHALPY_WTR,MEAS_SYS,I,GEI-100679,59
ENTHALPY_WTR,OUT,O,GEI-100679,60
ENTHALPY_WTR_STATUS,IN_P,I,GEI-100679~ENTHALPY_WTR,59
ENTHALPY_WTR_STATUS,IN_PATM,I,GEI-100679~ENTHALPY_WTR,59
ENTHALPY_WTR_STATUS,IN_T,I,GEI-100679~ENTHALPY_WTR,59
ENTHALPY_WTR_STATUS,MEAS_SYS,I,GEI-100679~ENTHALPY_WTR,59
ENTHALPY_WTR_STATUS,OUT,O,GEI-100679~ENTHALPY_WTR,60
ENTHALPY_WTR_V2,IN_P,I,S0010-0,88
ENTHALPY_WTR_V2,IN_PATM,I,S0010-0,88
ENTHALPY_WTR_V2,IN_T,I,S0010-0,88
ENTHALPY_WTR_V2,MEAS_SYS,I,S0010-0,88
ENTHALPY_WTR_V2,OUT,O,S0010-0,88
EQ,HYST,I,S0014-B,93
EQ,IN1,I,S0014-B,93
EQ,IN2,I,S0014-B,93
EQ,OUT,O,S0014-B,93
EQ,SENS,I,S0014-B,93
EXPAND,IN,I,S0014-B,94
EXPAND,OUT0,O,S0014-B,94
EXPAND,OUT1,O,S0014-B,94
EXPAND,OUT2,O,S0014-B,94
EXPAND,OUT3,O,S0014-B,94
EXPAND,OUT4,O,S0014-B,94
EXPAND,OUT5,O,S0014-B,94
EXPAND,OUT6,O,S0014-B,94
EXPAND,OUT7,O,S0014-B,94
EXPAND,OUT8,O,S0014-B,94
EXPAND,OUT9,O,S0014-B,94
EXPAND,OUTA,O,S0014-B,94
EXPAND,OUTB,O,S0014-B,94
EXPAND,OUTC,O,S0014-B,94
EXPAND,OUTD,O,S0014-B,94
EXPAND,OUTE,O,S0014-B,94
EXPAND,OUTF,O,S0014-B,94
EXPAND_UDI,IN,I,S0014-B,96
EXPAND_UDI,OUT0,O,S0014-B,96
EXPAND_UDI,OUT1,O,S0014-B,96
EXPAND_UDI,OUT10,O,S0014-B,96
EXPAND_UDI,OUT11,O,S0014-B,96
EXPAND_UDI,OUT12,O,S0014-B,96
EXPAND_UDI,OUT13,O,S0014-B,96
EXPAND_UDI,OUT14,O,S0014-B,96
EXPAND_UDI,OUT15,O,S0014-B,96
EXPAND_UDI,OUT16,O,S0014-B,96
EXPAND_UDI,OUT17,O,S0014-B,96
EXPAND_UDI,OUT18,O,S0014-B,96
EXPAND_UDI,OUT19,O,S0014-B,96
EXPAND_UDI,OUT2,O,S0014-B,96
EXPAND_UDI,OUT20,O,S0014-B,96
EXPAND_UDI,OUT21,O,S0014-B,96
EXPAND_UDI,OUT22,O,S0014-B,96
EXPAND_UDI,OUT23,O,S0014-B,96
EXPAND_UDI,OUT24,O,S0014-B,96
EXPAND_UDI,OUT25,O,S0014-B,96
EXPAND_UDI,OUT26,O,S0014-B,96
EXPAND_UDI,OUT27,O,S0014-B,96
EXPAND_UDI,OUT28,O,S0014-B,96
EXPAND_UDI,OUT29,O,S0014-B,96
EXPAND_UDI,OUT3,O,S0014-B,96
EXPAND_UDI,OUT30,O,S0014-B,96
EXPAND_UDI,OUT31,O,S0014-B,96
EXPAND_UDI,OUT4,O,S0014-B,96
EXPAND_UDI,OUT5,O,S0014-B,96
EXPAND_UDI,OUT6,O,S0014-B,96
EXPAND_UDI,OUT7,O,S0014-B,96
EXPAND_UDI,OUT8,O,S0014-B,96
EXPAND_UDI,OUT9,O,S0014-B,96
FIFO,CLR,I,GEI-100679,62
FIFO,FLAG,O,GEI-100679,62
FIFO,IN1,I,GEI-100679,62
FIFO,IN10,I,S0010-0,90
FIFO,IN11,I,S0010-0,90
FIFO,IN12,I,S0010-0,90
FIFO,IN13,I,S0010-0,90
FIFO,IN14,I,S0010-0,90
FIFO,IN15,I,S0010-0,90
FIFO,IN16,I,S0010-0,90
FIFO,IN17,I,S0010-0,90
FIFO,IN18,I,S0010-0,90
FIFO,IN19,I,S0010-0,90
FIFO,IN2,I,S0010-0,90
FIFO,IN20,I,S0010-0,90
FIFO,IN21,I,S0010-0,90
FIFO,IN22,I,S0010-0,90
FIFO,IN23,I,S0010-0,90
FIFO,IN24,I,S0010-0,90
FIFO,IN25,I,S0010-0,90
FIFO,IN26,I,S0010-0,90
FIFO,IN27,I,S0010-0,90
FIFO,IN28,I,S0010-0,90
FIFO,IN29,I,S0010-0,90
FIFO,IN3,I,S0010-0,90
FIFO,IN30,I,S0010-0,90
FIFO,IN31,I,S0010-0,90
FIFO,IN32,I,S0010-0,90
FIFO,IN4,I,S0010-0,90
FIFO,IN5,I,S0010-0,90
FIFO,IN6,I,S0010-0,90
FIFO,IN7,I,S0010-0,90
FIFO,IN8,I,S0010-0,90
FIFO,IN9,I,S0010-0,90
FIFO,OUT,O,GEI-100679,62
FIFO,RTAT,I,S0010-0,90
FIR,ENABLE,I,S0014-B,98
FIR,IN,I,S0014-B,98
FIR,N,I,S0014-B,98
FIR,OUT,O,S0014-B,98
FIR,PRESET,I,S0014-B,98
FIR,PVAL,I,S0014-B,98
FIR,STATE,S,S0014-B,98
FLOW_CALC,IHS,I,GEI-100679,63
FLOW_CALC,ILS,I,GEI-100679,63
FLOW_CALC,IN1,I,GEI-100679,63
FLOW_CALC,IN2,I,S0010-0,91
FLOW_CALC,IN3,I,S0010-0,91
FLOW_CALC,IN4,I,S0010-0,91
FLOW_CALC,LCO,I,S0010-0,91
FLOW_CALC,OHS,I,S0010-0,91
FLOW_CALC,OLS,I,S0010-0,91
FLOW_CALC,OUT1,O,GEI-100679,64
FLOW_CALC,OUT2,O,S0010-0,91
FLOW_CALC,OUT3,O,S0010-0,91
FLOW_CALC,OUT4,O,S0010-0,91
FORCE,FRC,O,GEI-100679,68
FORCE,FRC1,I,GEI-100679,68
FORCE,FRC1B,I,GEI-100679,68
FORCE,FRC1BE,I,GEI-100679,68
FORCE,FRC32,I,S0010-0,94
FORCE,FRC32B,I,S0010-0,94
FORCE,FRC32BE,I,S0010-0,94
FORCE,FRCB,O,GEI-100679,68
FORCE,OUT,O,GEI-100679,68
FUNGEN,A_RATE,I,S0014-B,100
FUNGEN,D_RATE,I,S0014-B,100
FUNGEN,ENABLE,I,S0014-B,100
FUNGEN,FUNC,I,S0014-B,100
FUNGEN,MAX_VAL,I,S0014-B,100
FUNGEN,MIN_VAL,I,S0014-B,100
FUNGEN,OUTPUT,O,S0014-B,100
FUNGEN,PERIOD1,I,S0014-B,100
FUNGEN,PERIOD2,I,S0014-B,100
GAIN_BIAS,BIAS,I,GEI-100679,69
GAIN_BIAS,GAIN,I,GEI-100679,69
GAIN_BIAS,IN,I,GEI-100679,69
GAIN_BIAS,OUT,O,GEI-100679,69
GE,HYST,I,S0014-B,102
GE,IN1,I,S0014-B,102
GE,IN2,I,S0014-B,102
GE,OUT,O,S0014-B,102
GE,SENS,I,S0014-B,102
GET,DEST,O,S0014-B,103
GET,ENABLE,I,S0014-B,103
GET,N,I,S0014-B,103
GET,SRC,I,S0014-B,103
GRP,AUTO,O,GEI-100679,76
GRP,AUTO_P,O,GEI-100679,76
GRP,AU_OFF,I,GEI-100679,75
GRP,AU_ON,I,GEI-100679,75
GRP,AU_ORD,O,GEI-100679,76
GRP,AU_PMT,I,GEI-100679,75
GRP,AU_REQ,O,GEI-100679,76
GRP,AU_SEL,I,GEI-100679,75
GRP,CTL,I,GEI-100679,75
GRP,DISC,O,GEI-100679,76
GRP,DISC_T,I,GEI-100679,75
GRP,FRC_OFF,O,GEI-100679,76
GRP,FRC_OFFB,O,GEI-100679,76
GRP,FRC_ON,O,GEI-100679,76
GRP,FRC_ONB,O,GEI-100679,76
GRP,MN_REJ,I,GEI-100679,75
GRP,MN_REJ_A,O,GEI-100679,76
GRP,MODE_OPT,I,GEI-100679,75
GRP,NO_DISC,I,GEI-100679,75
GRP,OFF,O,GEI-100679,76
GRP,OFF_FRC,I,GEI-100679,75
GRP,OFF_PMT,I,GEI-100679,75
GRP,ON,O,GEI-100679,76
GRP,ON_FRC,I,GEI-100679,75
GRP,ON_PMT,I,GEI-100679,75
GRP,OUT,O,GEI-100679,76
GRP,PBSTATE,O,GEI-100679,76
GRP,PMT_AU,O,S0010-0,101
GRP,PMT_AUB,O,S0010-0,101
GRP,PMT_OFF,O,S0010-0,101
GRP,PMT_OFFB,O,S0010-0,101
GRP,PMT_ON,O,S0010-0,101
GRP,PMT_ONB,O,S0010-0,101
GRP,REJ_MN,O,S0010-0,101
GRP,REJ_MNB,O,S0010-0,101
GRP_V2,AUTO,O,S0010-0,108
GRP_V2,AU_OFF,I,S0010-0,107
GRP_V2,AU_ON,I,S0010-0,107
GRP_V2,AU_ORD,O,S0010-0,108
GRP_V2,AU_PMT,I,S0010-0,107
GRP_V2,AU_REQ,O,S0010-0,108
GRP_V2,AU_SEL,I,S0010-0,107
GRP_V2,CTL,I,S0010-0,107
GRP_V2,DISC,O,S0010-0,108
GRP_V2,FRC_OFF,O,S0010-0,108
GRP_V2,FRC_ON,O,S0010-0,108
GRP_V2,MN_REJ,I,S0010-0,107
GRP_V2,MN_REJ_A,O,S0010-0,108
GRP_V2,MODE_OPT,I,S0010-0,107
GRP_V2,NO_DISC,I,S0010-0,107
GRP_V2,OFF,O,S0010-0,108
GRP_V2,OFF_FRC,I,S0010-0,107
GRP_V2,OFF_PMT,I,S0010-0,107
GRP_V2,ON,O,S0010-0,108
GRP_V2,ON_FRC,I,S0010-0,107
GRP_V2,ON_PMT,I,S0010-0,107
GRP_V2,PMT_AU,O,S0010-0,108
GRP_V2,PMT_OFF,O,S0010-0,108
GRP_V2,PMT_ON,O,S0010-0,108
GRP_V3,AUTO,O,S0010-0,113
GRP_V3,AUTO_P,O,GEI-100679~GRP,76
GRP_V3,AU_OFF,I,S0010-0,113
GRP_V3,AU_ON,I,S0010-0,113
GRP_V3,AU_ORD,O,S0010-0,113
GRP_V3,AU_PMT,I,S0010-0,113
GRP_V3,AU_REQ,O,S0010-0,113
GRP_V3,AU_SEL,I,S0010-0,113
GRP_V3,CTL,I,S0010-0,113
GRP_V3,DISC,O,S0010-0,113
GRP_V3,DISC_T,I,GEI-100679~GRP,75
GRP_V3,FRC_OFF,O,S0010-0,113
GRP_V3,FRC_OFFB,O,GEI-100679~GRP,76
GRP_V3,FRC_ON,O,S0010-0,113
GRP_V3,FRC_ONB,O,GEI-100679~GRP,76
GRP_V3,MN_REJ,I,S0010-0,113
GRP_V3,MN_REJ_A,O,S0010-0,113
GRP_V3,MODE_OPT,I,S0010-0,113
GRP_V3,NO_DISC,I,S0010-0,113
GRP_V3,OFF,O,S0010-0,113
GRP_V3,OFF_FRC,I,S0010-0,113
GRP_V3,OFF_PMT,I,S0010-0,113
GRP_V3,ON,O,S0010-0,113
GRP_V3,ON_FRC,I,S0010-0,113
GRP_V3,ON_PMT,I,S0010-0,113
GRP_V3,OUT,O,GEI-100679~GRP,76
GRP_V3,PBSTATE,O,GEI-100679~GRP,76
GRP_V3,PMT_AU,O,S0010-0,113
GRP_V3,PMT_AUB,O,S0010-0~GRP,101
GRP_V3,PMT_OFF,O,S0010-0,113
GRP_V3,PMT_OFFB,O,S0010-0~GRP,101
GRP_V3,PMT_ON,O,S0010-0,113
GRP_V3,PMT_ONB,O,S0010-0~GRP,101
GRP_V3,REJ_MN,O,S0010-0~GRP,101
GRP_V3,REJ_MNB,O,S0010-0~GRP,101
GT,HYST,I,S0014-B,104
GT,IN1,I,S0014-B,104
GT,IN2,I,S0014-B,104
GT,OUT,O,S0014-B,104
HEARTBEAT,BQ_TIME,I,GEI-100679,78
HEARTBEAT,COMM_BQ,O,GEI-100679,79
HEARTBEAT,OUT,O,GEI-100679,79
HI_LO_MON,HS,I,GEI-100679,81
HI_LO_MON,HYST,I,GEI-100679,81
HI_LO_MON,IN,I,GEI-100679,81
HI_LO_MON,LH,O,GEI-100679,81
HI_LO_MON,LL,O,GEI-100679,81
HI_LO_MON,LS,I,GEI-100679,81
IIR,A,I,S0014-B,106
IIR,B,I,S0014-B,106
IIR,DELAY,S,S0014-B,106
IIR,ENA_FIL,I,S0014-B,106
IIR,INPUT,I,S0014-B,106
IIR,N,I,S0014-B,106
IIR,OUTPUT,O,S0014-B,106
INTEG,ENABLE,I,S0014-B,110
INTEG,GAIN,I,S0014-B,110
INTEG,HILIM,I,S0014-B,110
INTEG,IN,I,S0014-B,110
INTEG,INTMETH,I,S0014-B,110
INTEG,IN_MAX,O,S0014-B,110
INTEG,IN_MIN,O,S0014-B,110
INTEG,LOLIM,I,S0014-B,110
INTEG,OUT,O,S0014-B,110
INTEG,PRESET,I,S0014-B,110
INTEG,PR_VAL,I,S0014-B,110
INTERP,ENABLE,I,S0014-B,112
INTERP,IN,I,S0014-B,112
INTERP,M,O,S0014-B,112
INTERP,N,I,S0014-B,112
INTERP,OUT,O,S0014-B,112
INTERP,X,I,S0014-B,112
INTERP,Y,I,S0014-B,112
INTERP_DL,F,O,S0014-B,114
INTERP_DL,FMAX,I,S0014-B,114
INTERP_DL,FMIN,I,S0014-B,114
INTERP_DL,FTBL,I,S0014-B,114
INTERP_DL,X,I,S0014-B,114
INTERP_DL,XTBL,I,S0014-B,114
INTERP_DL,Y,I,S0014-B,114
INTERP_DL,YTBL,I,S0014-B,114
INTERP_STATUS,ENABLE,I,S0014-B~INTERP,112
INTERP_STATUS,IN,I,S0014-B~INTERP,112
INTERP_STATUS,M,O,S0014-B~INTERP,112
INTERP_STATUS,N,I,S0014-B~INTERP,112
INTERP_STATUS,OUT,O,S0014-B~INTERP,112
INTERP_STATUS,X,I,S0014-B~INTERP,112
INTERP_STATUS,Y,I,S0014-B~INTERP,112
INTERP_V2,ENABLE,I,S0014-B~INTERP,112
INTERP_V2,IN,I,S0014-B~INTERP,112
INTERP_V2,M,O,S0014-B~INTERP,112
INTERP_V2,N,I,S0014-B~INTERP,112
INTERP_V2,OUT,O,S0014-B~INTERP,112
INTERP_V2,X,I,S0014-B~INTERP,112
INTERP_V2,Y,I,S0014-B~INTERP,112
INTWLEAD,ENABLE,I,S0014-B,108
INTWLEAD,HILIM,I,S0014-B,108
INTWLEAD,IN,I,S0014-B,108
INTWLEAD,IN_MAX,O,S0014-B,108
INTWLEAD,IN_MIN,O,S0014-B,108
INTWLEAD,LD_FREQ,I,S0014-B,108
INTWLEAD,LOLIM,I,S0014-B,108
INTWLEAD,OUT,O,S0014-B,108
INTWLEAD,PRESET,I,S0014-B,108
INTWLEAD,PR_VAL,I,S0014-B,108
IN_DECODE,IN0,I,S0014-B,88
IN_DECODE,IN1,I,S0014-B,88
IN_DECODE,IN10,I,S0014-B,88
IN_DECODE,IN11,I,S0014-B,88
IN_DECODE,IN12,I,S0014-B,88
IN_DECODE,IN13,I,S0014-B,88
IN_DECODE,IN14,I,S0014-B,88
IN_DECODE,IN15,I,S0014-B,88
IN_DECODE,IN16,I,S0014-B,88
IN_DECODE,IN17,I,S0014-B,88
IN_DECODE,IN18,I,S0014-B,88
IN_DECODE,IN19,I,S0014-B,88
IN_DECODE,IN2,I,S0014-B,88
IN_DECODE,IN20,I,S0014-B,88
IN_DECODE,IN21,I,S0014-B,88
IN_DECODE,IN22,I,S0014-B,88
IN_DECODE,IN23,I,S0014-B,88
IN_DECODE,IN24,I,S0014-B,88
IN_DECODE,IN25,I,S0014-B,88
IN_DECODE,IN26,I,S0014-B,88
IN_DECODE,IN27,I,S0014-B,88
IN_DECODE,IN28,I,S0014-B,88
IN_DECODE,IN29,I,S0014-B,88
IN_DECODE,IN3,I,S0014-B,88
IN_DECODE,IN30,I,S0014-B,88
IN_DECODE,IN31,I,S0014-B,88
IN_DECODE,IN4,I,S0014-B,88
IN_DECODE,IN5,I,S0014-B,88
IN_DECODE,IN6,I,S0014-B,88
IN_DECODE,IN7,I,S0014-B,88
IN_DECODE,IN8,I,S0014-B,88
IN_DECODE,IN9,I,S0014-B,88
IN_DECODE,OUT0,O,S0014-B,88
IN_DECODE,OUT1,O,S0014-B,88
IN_DECODE,OUT10,O,S0014-B,88
IN_DECODE,OUT11,O,S0014-B,88
IN_DECODE,OUT12,O,S0014-B,88
IN_DECODE,OUT13,O,S0014-B,88
IN_DECODE,OUT14,O,S0014-B,88
IN_DECODE,OUT15,O,S0014-B,88
IN_DECODE,OUT16,O,S0014-B,88
IN_DECODE,OUT17,O,S0014-B,88
IN_DECODE,OUT18,O,S0014-B,88
IN_DECODE,OUT19,O,S0014-B,88
IN_DECODE,OUT2,O,S0014-B,88
IN_DECODE,OUT20,O,S0014-B,88
IN_DECODE,OUT21,O,S0014-B,88
IN_DECODE,OUT22,O,S0014-B,88
IN_DECODE,OUT23,O,S0014-B,88
IN_DECODE,OUT24,O,S0014-B,88
IN_DECODE,OUT25,O,S0014-B,88
IN_DECODE,OUT26,O,S0014-B,88
IN_DECODE,OUT27,O,S0014-B,88
IN_DECODE,OUT28,O,S0014-B,88
IN_DECODE,OUT29,O,S0014-B,88
IN_DECODE,OUT3,O,S0014-B,88
IN_DECODE,OUT30,O,S0014-B,88
IN_DECODE,OUT31,O,S0014-B,88
IN_DECODE,OUT4,O,S0014-B,88
IN_DECODE,OUT5,O,S0014-B,88
IN_DECODE,OUT6,O,S0014-B,88
IN_DECODE,OUT7,O,S0014-B,88
IN_DECODE,OUT8,O,S0014-B,88
IN_DECODE,OUT9,O,S0014-B,88
IN_DECODE,STATUS,I,S0014-B,88
IN_DECODE,TYPE,I,S0014-B,88
LAG,ENABLE,I,S0014-B,127
LAG,LAG_IN,I,S0014-B,127
LAG,LAG_OUT,O,S0014-B,127
LAG,TC,I,S0014-B,127
LAG_STATUS,ENABLE,I,S0014-B~LAG,127
LAG_STATUS,LAG_IN,I,S0014-B~LAG,127
LAG_STATUS,LAG_OUT,O,S0014-B~LAG,127
LAG_STATUS,TC,I,S0014-B~LAG,127
LATCH,OUT,O,S0014-B,128
LATCH,RDOM,I,S0014-B,128
LATCH,RESET,I,S0014-B,128
LATCH,SET,I,S0014-B,128
LATCH,STATUS,S,S0014-B,128
LD_MAN,ENABLE,I,S0014-B,136
LD_MAN,HH_HYS,I,S0014-B,136
LD_MAN,HH_LIM,I,S0014-B,136
LD_MAN,HH_STAT,O,S0014-B,136
LD_MAN,H_HYS,I,S0014-B,136
LD_MAN,H_LIM,I,S0014-B,136
LD_MAN,H_STAT,O,S0014-B,136
LD_MAN,IN,I,S0014-B,136
LD_MAN,LL_HYS,I,S0014-B,136
LD_MAN,LL_LIM,I,S0014-B,136
LD_MAN,LL_STAT,O,S0014-B,136
LD_MAN,L_HYS,I,S0014-B,136
LD_MAN,L_LIM,I,S0014-B,136
LD_MAN,L_STAT,O,S0014-B,136
LD_MAN,MAX_VAL,I,S0014-B,136
LD_MAN,N_STAT,O,S0014-B,136
LE,HYST,I,S0014-B,133
LE,IN1,I,S0014-B,133
LE,IN2,I,S0014-B,133
LE,OUT,O,S0014-B,133
LE,SENS,I,S0014-B,133
LEAD_LAG,IN,I,S0014-B,129
LEAD_LAG,OUT,O,S0014-B,129
LEAD_LAG,T1,I,S0014-B,129
LEAD_LAG,T2,I,S0014-B,129
LOGIC_BUILDER,EQN,I,S0014-B,143
LOGIC_BUILDER,IN1,I,S0014-B,143
LOGIC_BUILDER,IN1T,I,S0014-B,143
LOGIC_BUILDER,IN1TE,I,S0014-B,143
LOGIC_BUILDER,IN1TP,I,S0014-B,143
LOGIC_BUILDER,IN2,I,S0014-B,143
LOGIC_BUILDER,IN2T,I,S0014-B,143
LOGIC_BUILDER,IN2TE,I,S0014-B,143
LOGIC_BUILDER,IN2TP,I,S0014-B,143
LOGIC_BUILDER,IN32,I,S0014-B,143
LOGIC_BUILDER,IN32T,I,S0014-B,143
LOGIC_BUILDER,IN32TE,I,S0014-B,143
LOGIC_BUILDER,IN32TP,I,S0014-B,143
LOGIC_BUILDER,OUT,O,S0014-B,143
LOGIC_BUILDER,OUT_TGL,O,S0014-B,143
LOGIC_BUILDER,OUT_VAL,O,S0014-B,143
LOGIC_BUILDER,TYP,I,S0014-B,143
LOGIC_BUILDER_SC,EQN,I,S0014-B~LOGIC_BUILDER,143
LOGIC_BUILDER_SC,IN1,I,S0014-B~LOGIC_BUILDER,143
LOGIC_BUILDER_SC,IN1T,I,S0014-B~LOGIC_BUILDER,143
LOGIC_BUILDER_SC,IN1TE,I,S0014-B~LOGIC_BUILDER,143
LOGIC_BUILDER_SC,IN1TP,I,S0014-B~LOGIC_BUILDER,143
LOGIC_BUILDER_SC,IN2,I,S0014-B~LOGIC_BUILDER,143
LOGIC_BUILDER_SC,IN2T,I,S0014-B~LOGIC_BUILDER,143
LOGIC_BUILDER_SC,IN2TE,I,S0014-B~LOGIC_BUILDER,143
LOGIC_BUILDER_SC,IN2TP,I,S0014-B~LOGIC_BUILDER,143
LOGIC_BUILDER_SC,IN32,I,S0014-B~LOGIC_BUILDER,143
LOGIC_BUILDER_SC,IN32T,I,S0014-B~LOGIC_BUILDER,143
LOGIC_BUILDER_SC,IN32TE,I,S0014-B~LOGIC_BUILDER,143
LOGIC_BUILDER_SC,IN32TP,I,S0014-B~LOGIC_BUILDER,143
LOGIC_BUILDER_SC,OUT,O,S0014-B~LOGIC_BUILDER,143
LOGIC_BUILDER_SC,OUT_TGL,O,S0014-B~LOGIC_BUILDER,143
LOGIC_BUILDER_SC,OUT_VAL,O,S0014-B~LOGIC_BUILDER,143
LOGIC_BUILDER_SC,RESET,I,S0014-B~LOGIC_BUILDER,143
LOGIC_BUILDER_SC,RESET_PB,I,S0014-B~LOGIC_BUILDER,143
LOGIC_BUILDER_SC,SCA,O,S0014-B~LOGIC_BUILDER,143
LOGIC_BUILDER_SC,SCA_CUR,O,S0014-B~LOGIC_BUILDER,143
LOGIC_BUILDER_SC,SCA_ENABLE,I,S0014-B~LOGIC_BUILDER,143
LOGIC_BUILDER_SC,SCA_PRV,O,S0014-B~LOGIC_BUILDER,143
LOGIC_BUILDER_SC,TYP,I,S0014-B~LOGIC_BUILDER,143
LT,HYST,I,S0014-B,131
LT,IN1,I,S0014-B,131
LT,IN2,I,S0014-B,131
LT,OUT,O,S0014-B,131
LVL_COMP,IN1,I,GEI-100679,84
LVL_COMP,IN2,I,S0010-0,122
LVL_COMP,IN3,I,S0010-0,122
LVL_COMP,IN4,I,S0010-0,122
LVL_COMP,IN_P,I,GEI-100679,84
LVL_COMP,IN_PATM,I,GEI-100679,84
LVL_COMP,IN_T_REF,I,GEI-100679,84
LVL_COMP,MAX_LVL,I,S0010-0,122
LVL_COMP,MEAS_SYS,I,S0010-0,122
LVL_COMP,MIN_LVL,I,S0010-0,122
LVL_COMP,NWL,I,S0010-0,122
LVL_COMP,OUT1,O,GEI-100679,84
LVL_COMP,OUT2,O,S0010-0,122
LVL_COMP,OUT3,O,S0010-0,122
LVL_COMP,OUT4,O,GEI-100679,84
LVL_COMP,VOL_TC,O,GEI-100679,84
LVL_COMP_STATUS,IN1,I,GEI-100679~LVL_COMP,84
LVL_COMP_STATUS,IN2,I,S0010-0~LVL_COMP,122
LVL_COMP_STATUS,IN3,I,S0010-0~LVL_COMP,122
LVL_COMP_STATUS,IN4,I,S0010-0~LVL_COMP,122
LVL_COMP_STATUS,IN_P,I,GEI-100679~LVL_COMP,84
LVL_COMP_STATUS,IN_PATM,I,GEI-100679~LVL_COMP,84
LVL_COMP_STATUS,IN_T_REF,I,GEI-100679~LVL_COMP,84
LVL_COMP_STATUS,MAX_LVL,I,S0010-0~LVL_COMP,122
LVL_COMP_STATUS,MEAS_SYS,I,S0010-0~LVL_COMP,122
LVL_COMP_STATUS,MIN_LVL,I,S0010-0~LVL_COMP,122
LVL_COMP_STATUS,NWL,I,S0010-0~LVL_COMP,122
LVL_COMP_STATUS,OUT1,O,GEI-100679~LVL_COMP,84
LVL_COMP_STATUS,OUT2,O,S0010-0~LVL_COMP,122
LVL_COMP_STATUS,OUT3,O,S0010-0~LVL_COMP,122
LVL_COMP_STATUS,OUT4,O,GEI-100679~LVL_COMP,84
LVL_COMP_STATUS,VOL_TC,O,GEI-100679~LVL_COMP,84
LVL_COMP_V2,IN1,I,S0010-0,126
LVL_COMP_V2,IN2,I,S0010-0,126
LVL_COMP_V2,IN3,I,S0010-0,126
LVL_COMP_V2,IN4,I,S0010-0,126
LVL_COMP_V2,IN_P,I,S0010-0,126
LVL_COMP_V2,IN_PATM,I,S0010-0,126
LVL_COMP_V2,IN_T_REF,I,S0010-0,126
LVL_COMP_V2,MAX_LVL,I,S0010-0,126
LVL_COMP_V2,MEAS_SYS,I,S0010-0,126
LVL_COMP_V2,MIN_LVL,I,S0010-0,126
LVL_COMP_V2,NWL,I,S0010-0,126
LVL_COMP_V2,OUT1,O,S0010-0,126
LVL_COMP_V2,OUT2,O,S0010-0,126
LVL_COMP_V2,OUT3,O,S0010-0,126
LVL_COMP_V2,OUT4,O,S0010-0,126
LVL_COMP_V2,VOL_TC,O,S0010-0,126
MADDSUB,A,I,S0014-B,164
MADDSUB,B,I,S0014-B,164
MADDSUB,C,O,S0014-B,164
MADDSUB,COLS_A,I,S0014-B,164
MADDSUB,COLS_B,I,S0014-B,164
MADDSUB,COLS_C,O,S0014-B,164
MADDSUB,ENABLE,I,S0014-B,164
MADDSUB,FUNC,I,S0014-B,164
MADDSUB,ROWS_A,I,S0014-B,164
MADDSUB,ROWS_B,I,S0014-B,164
MADDSUB,ROWS_C,O,S0014-B,164
MASSFLOW_GAS,DP_D,I,GEI-100679,143
MASSFLOW_GAS,D_D,I,GEI-100679,143
MASSFLOW_GAS,IN,I,GEI-100679,143
MASSFLOW_GAS,IN_P,I,GEI-100679,143
MASSFLOW_GAS,IN_PATM,I,GEI-100679,143
MASSFLOW_GAS,IN_R,I,GEI-100679,143
MASSFLOW_GAS,IN_T,I,GEI-100679,143
MASSFLOW_GAS,IN_TYPE,I,GEI-100679,143
MASSFLOW_GAS,LCO,I,GEI-100679,143
MASSFLOW_GAS,MEAS_SYS,I,GEI-100679,143
MASSFLOW_GAS,OUT,O,GEI-100679,144
MASSFLOW_GAS,PATM_D,I,GEI-100679,143
MASSFLOW_GAS,P_D,I,GEI-100679,143
MASSFLOW_GAS,Q_D,I,GEI-100679,143
MASSFLOW_GAS,TCO,I,GEI-100679,143
MASSFLOW_GAS,T_D,I,GEI-100679,143
MASSFLOW_STM,DENS,O,GEI-100679,147
MASSFLOW_STM,DP_D,I,GEI-100679,147
MASSFLOW_STM,D_D,I,GEI-100679,147
MASSFLOW_STM,IN1,I,GEI-100679,147
MASSFLOW_STM,IN2,I,S0010-0,293
MASSFLOW_STM,IN3,I,S0010-0,293
MASSFLOW_STM,IN4,I,S0010-0,293
MASSFLOW_STM,IN_P,I,GEI-100679,147
MASSFLOW_STM,IN_PATM,I,GEI-100679,147
MASSFLOW_STM,IN_T,I,GEI-100679,147
MASSFLOW_STM,IN_TYPE,I,GEI-100679,147
MASSFLOW_STM,LCO,I,S0010-0,293
MASSFLOW_STM,MEAS_SYS,I,S0010-0,293
MASSFLOW_STM,OUT1,O,GEI-100679,147
MASSFLOW_STM,OUT2,O,S0010-0,293
MASSFLOW_STM,OUT3,O,S0010-0,293
MASSFLOW_STM,OUT4,O,S0010-0,293
MASSFLOW_STM,PATM_D,I,S0010-0,293
MASSFLOW_STM,P_D,I,S0010-0,293
MASSFLOW_STM,Q_D,I,S0010-0,293
MASSFLOW_STM,T_D,I,S0010-0,293
MASSFLOW_STM_STATUS,DENS,O,GEI-100679~MASSFLOW_STM,147
MASSFLOW_STM_STATUS,DP_D,I,GEI-100679~MASSFLOW_STM,147
MASSFLOW_STM_STATUS,D_D,I,GEI-100679~MASSFLOW_STM,147
MASSFLOW_STM_STATUS,IN1,I,GEI-100679~MASSFLOW_STM,147
MASSFLOW_STM_STATUS,IN2,I,S0010-0~MASSFLOW_STM,293
MASSFLOW_STM_STATUS,IN3,I,S0010-0~MASSFLOW_STM,293
MASSFLOW_STM_STATUS,IN4,I,S0010-0~MASSFLOW_STM,293
MASSFLOW_STM_STATUS,IN_P,I,GEI-100679~MASSFLOW_STM,147
MASSFLOW_STM_STATUS,IN_PATM,I,GEI-100679~MASSFLOW_STM,147
MASSFLOW_STM_STATUS,IN_T,I,GEI-100679~MASSFLOW_STM,147
MASSFLOW_STM_STATUS,IN_TYPE,I,GEI-100679~MASSFLOW_STM,147
MASSFLOW_STM_STATUS,LCO,I,S0010-0~MASSFLOW_STM,293
MASSFLOW_STM_STATUS,MEAS_SYS,I,S0010-0~MASSFLOW_STM,293
MASSFLOW_STM_STATUS,OUT1,O,GEI-100679~MASSFLOW_STM,147
MASSFLOW_STM_STATUS,OUT2,O,S0010-0~MASSFLOW_STM,293
MASSFLOW_STM_STATUS,OUT3,O,S0010-0~MASSFLOW_STM,293
MASSFLOW_STM_STATUS,OUT4,O,S0010-0~MASSFLOW_STM,293
MASSFLOW_STM_STATUS,PATM_D,I,S0010-0~MASSFLOW_STM,293
MASSFLOW_STM_STATUS,P_D,I,S0010-0~MASSFLOW_STM,293
MASSFLOW_STM_STATUS,Q_D,I,S0010-0~MASSFLOW_STM,293
MASSFLOW_STM_STATUS,T_D,I,S0010-0~MASSFLOW_STM,293
MASSFLOW_STM_V2,DENS,O,S0010-0,296
MASSFLOW_STM_V2,DP_D,I,S0010-0,296
MASSFLOW_STM_V2,D_D,I,S0010-0,296
MASSFLOW_STM_V2,IN1,I,S0010-0,296
MASSFLOW_STM_V2,IN2,I,S0010-0,296
MASSFLOW_STM_V2,IN3,I,S0010-0,296
MASSFLOW_STM_V2,IN4,I,S0010-0,296
MASSFLOW_STM_V2,IN_P,I,S0010-0,296
MASSFLOW_STM_V2,IN_PATM,I,S0010-0,296
MASSFLOW_STM_V2,IN_T,I,S0010-0,296
MASSFLOW_STM_V2,IN_TYPE,I,S0010-0,296
MASSFLOW_STM_V2,LCO,I,S0010-0,296
MASSFLOW_STM_V2,MEAS_SYS,I,S0010-0,296
MASSFLOW_STM_V2,OUT1,O,S0010-0,296
MASSFLOW_STM_V2,OUT2,O,S0010-0,296
MASSFLOW_STM_V2,OUT3,O,S0010-0,296
MASSFLOW_STM_V2,OUT4,O,S0010-0,296
MASSFLOW_STM_V2,PATM_D,I,S0010-0,296
MASSFLOW_STM_V2,P_D,I,S0010-0,296
MASSFLOW_STM_V2,Q_D,I,S0010-0,296
MASSFLOW_STM_V2,T_D,I,S0010-0,296
MASSFLOW_WTR,DENS,O,GEI-100679,151
MASSFLOW_WTR,DP_D,I,GEI-100679,150
MASSFLOW_WTR,D_D,I,GEI-100679,150
MASSFLOW_WTR,INDP1,I,GEI-100679,150
MASSFLOW_WTR,INDP2,I,S0010-0,299
MASSFLOW_WTR,INDP3,I,S0010-0,299
MASSFLOW_WTR,INDP4,I,S0010-0,299
MASSFLOW_WTR,IN_P,I,GEI-100679,150
MASSFLOW_WTR,IN_PATM,I,GEI-100679,150
MASSFLOW_WTR,IN_T,I,GEI-100679,150
MASSFLOW_WTR,IN_TYPE,I,GEI-100679,150
MASSFLOW_WTR,LCO,I,S0010-0,299
MASSFLOW_WTR,MEAS_SYS,I,S0010-0,299
MASSFLOW_WTR,OUT1,O,GEI-100679,151
MASSFLOW_WTR,OUT2,O,S0010-0,299
MASSFLOW_WTR,OUT3,O,S0010-0,299
MASSFLOW_WTR,OUT4,O,S0010-0,299
MASSFLOW_WTR,PATM_D,I,S0010-0,299
MASSFLOW_WTR,P_D,I,S0010-0,299
MASSFLOW_WTR,Q_D,I,S0010-0,299
MASSFLOW_WTR,T_D,I,S0010-0,299
MASSFLOW_WTR_STATUS,DENS,O,GEI-100679~MASSFLOW_WTR,151
MASSFLOW_WTR_STATUS,DP_D,I,GEI-100679~MASSFLOW_WTR,150
MASSFLOW_WTR_STATUS,D_D,I,GEI-100679~MASSFLOW_WTR,150
MASSFLOW_WTR_STATUS,INDP1,I,GEI-100679~MASSFLOW_WTR,150
MASSFLOW_WTR_STATUS,INDP2,I,S0010-0~MASSFLOW_WTR,299
MASSFLOW_WTR_STATUS,INDP3,I,S0010-0~MASSFLOW_WTR,299
MASSFLOW_WTR_STATUS,INDP4,I,S0010-0~MASSFLOW_WTR,299
MASSFLOW_WTR_STATUS,IN_P,I,GEI-100679~MASSFLOW_WTR,150
MASSFLOW_WTR_STATUS,IN_PATM,I,GEI-100679~MASSFLOW_WTR,150
MASSFLOW_WTR_STATUS,IN_T,I,GEI-100679~MASSFLOW_WTR,150
MASSFLOW_WTR_STATUS,IN_TYPE,I,GEI-100679~MASSFLOW_WTR,150
MASSFLOW_WTR_STATUS,LCO,I,S0010-0~MASSFLOW_WTR,299
MASSFLOW_WTR_STATUS,MEAS_SYS,I,S0010-0~MASSFLOW_WTR,299
MASSFLOW_WTR_STATUS,OUT1,O,GEI-100679~MASSFLOW_WTR,151
MASSFLOW_WTR_STATUS,OUT2,O,S0010-0~MASSFLOW_WTR,299
MASSFLOW_WTR_STATUS,OUT3,O,S0010-0~MASSFLOW_WTR,299
MASSFLOW_WTR_STATUS,OUT4,O,S0010-0~MASSFLOW_WTR,299
MASSFLOW_WTR_STATUS,PATM_D,I,S0010-0~MASSFLOW_WTR,299
MASSFLOW_WTR_STATUS,P_D,I,S0010-0~MASSFLOW_WTR,299
MASSFLOW_WTR_STATUS,Q_D,I,S0010-0~MASSFLOW_WTR,299
MASSFLOW_WTR_STATUS,T_D,I,S0010-0~MASSFLOW_WTR,299
MASSFLOW_WTR_V2,DENS,O,S0010-0,302
MASSFLOW_WTR_V2,DP_D,I,S0010-0,302
MASSFLOW_WTR_V2,D_D,I,S0010-0,302
MASSFLOW_WTR_V2,INDP1,I,S0010-0,302
MASSFLOW_WTR_V2,INDP2,I,S0010-0,302
MASSFLOW_WTR_V2,INDP3,I,S0010-0,302
MASSFLOW_WTR_V2,INDP4,I,S0010-0,302
MASSFLOW_WTR_V2,IN_P,I,S0010-0,302
MASSFLOW_WTR_V2,IN_PATM,I,S0010-0,302
MASSFLOW_WTR_V2,IN_T,I,S0010-0,302
MASSFLOW_WTR_V2,IN_TYPE,I,S0010-0,302
MASSFLOW_WTR_V2,LCO,I,S0010-0,302
MASSFLOW_WTR_V2,MEAS_SYS,I,S0010-0,302
MASSFLOW_WTR_V2,OUT1,O,S0010-0,302
MASSFLOW_WTR_V2,OUT2,O,S0010-0,302
MASSFLOW_WTR_V2,OUT3,O,S0010-0,302
MASSFLOW_WTR_V2,OUT4,O,S0010-0,302
MASSFLOW_WTR_V2,PATM_D,I,S0010-0,302
MASSFLOW_WTR_V2,P_D,I,S0010-0,302
MASSFLOW_WTR_V2,Q_D,I,S0010-0,302
MASSFLOW_WTR_V2,T_D,I,S0010-0,302
MCONCAT,A,I,S0014-B,166
MCONCAT,B,I,S0014-B,166
MCONCAT,C,O,S0014-B,166
MCONCAT,COLS_A,I,S0014-B,166
MCONCAT,COLS_B,I,S0014-B,166
MCONCAT,COLS_C,O,S0014-B,166
MCONCAT,ENABLE,I,S0014-B,166
MCONCAT,FUNC,I,S0014-B,166
MCONCAT,ROWS_A,I,S0014-B,166
MCONCAT,ROWS_B,I,S0014-B,166
MCONCAT,ROWS_C,O,S0014-B,166
MCONCAT,START_COL,I,S0014-B,166
MCONCAT,START_ROW,I,S0014-B,166
MDOTDIV,A,I,S0014-B,168
MDOTDIV,B,I,S0014-B,168
MDOTDIV,C,O,S0014-B,168
MDOTDIV,COLS_A,I,S0014-B,168
MDOTDIV,COLS_B,I,S0014-B,168
MDOTDIV,COLS_C,O,S0014-B,168
MDOTDIV,ENABLE,I,S0014-B,168
MDOTDIV,ROWS_A,I,S0014-B,168
MDOTDIV,ROWS_B,I,S0014-B,168
MDOTDIV,ROWS_C,O,S0014-B,168
MDOTMUL,A,I,S0014-B,170
MDOTMUL,B,I,S0014-B,170
MDOTMUL,C,O,S0014-B,170
MDOTMUL,COLS_A,I,S0014-B,170
MDOTMUL,COLS_B,I,S0014-B,170
MDOTMUL,COLS_C,O,S0014-B,170
MDOTMUL,ENABLE,I,S0014-B,170
MDOTMUL,ROWS_A,I,S0014-B,170
MDOTMUL,ROWS_B,I,S0014-B,170
MDOTMUL,ROWS_C,O,S0014-B,170
MEDIAN,DIFLMT,I,S0014-B,155
MEDIAN,INPUT1,I,S0014-B,155
MEDIAN,INPUT2,I,S0014-B,155
MEDIAN,INPUT3,I,S0014-B,155
MEDIAN,LDIFLMT,O,S0014-B,155
MEDIAN,LENABLE,I,S0014-B,155
MEDIAN,MEDIAN,O,S0014-B,155
MEDSEL,1XMTR_P,I,GEI-100679,158
MEDSEL,A,I,GEI-100679,158
MEDSEL,ABQ,O,GEI-100679,159
MEDSEL,AD,O,GEI-100679,159
MEDSEL,AU_EN_P,I,GEI-100679,158
MEDSEL,B,I,GEI-100679,158
MEDSEL,BBQ,O,GEI-100679,159
MEDSEL,BD,O,GEI-100679,159
MEDSEL,C,I,GEI-100679,158
MEDSEL,CBQ,O,GEI-100679,159
MEDSEL,CD,O,GEI-100679,159
MEDSEL,CTL,I,GEI-100679,158
MEDSEL,DA,O,GEI-100679,159
MEDSEL,DB,O,GEI-100679,159
MEDSEL,DC,O,GEI-100679,159
MEDSEL,DF,I,GEI-100679,158
MEDSEL,DL,I,GEI-100679,158
MEDSEL,DLDB,I,GEI-100679,158
MEDSEL,DS,I,GEI-100679,158
MEDSEL,DT,I,GEI-100679,158
MEDSEL,IN_ABQ,I,GEI-100679,158
MEDSEL,IN_BBQ,I,GEI-100679,158
MEDSEL,IN_CBQ,I,GEI-100679,158
MEDSEL,MODE,O,GEI-100679,159
MEDSEL,OBQ,O,GEI-100679,159
MEDSEL,ODH,O,GEI-100679,159
MEDSEL,OUT,O,GEI-100679,159
MEDSEL,RATE,I,GEI-100679,158
MEDSEL,SEL_P,O,GEI-100679,159
MEDSEL,TS,I,GEI-100679,158
MEDSEL_V2,1XMTR_P,I,S0010-0,318
MEDSEL_V2,A,I,S0010-0,318
MEDSEL_V2,ABQ,O,S0010-0,319
MEDSEL_V2,AD,O,S0010-0,319
MEDSEL_V2,AU_EN_P,I,S0010-0,318
MEDSEL_V2,B,I,S0010-0,318
MEDSEL_V2,BBQ,O,S0010-0,319
MEDSEL_V2,BD,O,S0010-0,319
MEDSEL_V2,C,I,S0010-0,318
MEDSEL_V2,CBQ,O,S0010-0,319
MEDSEL_V2,CD,O,S0010-0,319
MEDSEL_V2,CTL,I,S0010-0,318
MEDSEL_V2,DA,O,S0010-0,319
MEDSEL_V2,DB,O,S0010-0,319
MEDSEL_V2,DC,O,S0010-0,319
MEDSEL_V2,DF,I,S0010-0,318
MEDSEL_V2,DL,I,S0010-0,318
MEDSEL_V2,DLDB,I,S0010-0,318
MEDSEL_V2,DS,I,S0010-0,318
MEDSEL_V2,DT,I,S0010-0,318
MEDSEL_V2,IN_ABQ,I,S0010-0,318
MEDSEL_V2,IN_BBQ,I,S0010-0,318
MEDSEL_V2,IN_CBQ,I,S0010-0,318
MEDSEL_V2,MODE,O,S0010-0,319
MEDSEL_V2,OBQ,O,S0010-0,319
MEDSEL_V2,ODH,O,S0010-0,319
MEDSEL_V2,OUT,O,S0010-0,319
MEDSEL_V2,RATE,I,S0010-0,318
MEDSEL_V2,SEL_P,O,S0010-0,319
MEDSEL_V2,TS,I,S0010-0,318
MFILL,C,O,S0014-B,173
MFILL,COLS_A,I,S0014-B,173
MFILL,COLS_C,O,S0014-B,173
MFILL,COL_END,I,S0014-B,173
MFILL,COL_ST,I,S0014-B,173
MFILL,ENABLE,I,S0014-B,173
MFILL,FORM,I,S0014-B,173
MFILL,PREFILL,I,S0014-B,173
MFILL,ROWS_A,I,S0014-B,173
MFILL,ROWS_C,O,S0014-B,173
MFILL,ROW_END,I,S0014-B,173
MFILL,ROW_ST,I,S0014-B,173
MFILL,VALUE,I,S0014-B,173
MFIND,A,I,S0014-B,175
MFIND,B,O,S0014-B,175
MFIND,BCOLNDX,O,S0014-B,175
MFIND,BROWNDX,O,S0014-B,175
MFIND,COLS_A,I,S0014-B,175
MFIND,COUNT,O,S0014-B,175
MFIND,ENABLE,I,S0014-B,175
MFIND,FUNC,I,S0014-B,175
MFIND,PREFILL,I,S0014-B,175
MFIND,REF,I,S0014-B,175
MFIND,ROWS_A,I,S0014-B,175
MFIND,TOL,I,S0014-B,175
MINV,A,I,S0014-B,177
MINV,C,O,S0014-B,177
MINV,COLS_A,I,S0014-B,177
MINV,COLS_C,O,S0014-B,177
MINV,DET,O,S0014-B,177
MINV,ENABLE,I,S0014-B,177
MINV,ERROR,O,S0014-B,177
MINV,ROWS_A,I,S0014-B,177
MINV,ROWS_C,O,S0014-B,177
MINV,TOL,I,S0014-B,177
MIN_MAX,ENABLE,I,S0014-B,156
MIN_MAX,FUNC,I,S0014-B,156
MIN_MAX,IN1,I,S0014-B,156
MIN_MAX,IN10,I,S0014-B,156
MIN_MAX,IN11,I,S0014-B,156
MIN_MAX,IN12,I,S0014-B,156
MIN_MAX,IN13,I,S0014-B,156
MIN_MAX,IN14,I,S0014-B,156
MIN_MAX,IN15,I,S0014-B,156
MIN_MAX,IN16,I,S0014-B,156
MIN_MAX,IN17,I,S0014-B,156
MIN_MAX,IN18,I,S0014-B,156
MIN_MAX,IN19,I,S0014-B,156
MIN_MAX,IN2,I,S0014-B,156
MIN_MAX,IN20,I,S0014-B,156
MIN_MAX,IN21,I,S0014-B,156
MIN_MAX,IN22,I,S0014-B,156
MIN_MAX,IN23,I,S0014-B,156
MIN_MAX,IN24,I,S0014-B,156
MIN_MAX,IN25,I,S0014-B,156
MIN_MAX,IN26,I,S0014-B,156
MIN_MAX,IN27,I,S0014-B,156
MIN_MAX,IN28,I,S0014-B,156
MIN_MAX,IN29,I,S0014-B,156
MIN_MAX,IN3,I,S0014-B,156
MIN_MAX,IN30,I,S0014-B,156
MIN_MAX,IN31,I,S0014-B,156
MIN_MAX,IN32,I,S0014-B,156
MIN_MAX,IN4,I,S0014-B,156
MIN_MAX,IN5,I,S0014-B,156
MIN_MAX,IN6,I,S0014-B,156
MIN_MAX,IN7,I,S0014-B,156
MIN_MAX,IN8,I,S0014-B,156
MIN_MAX,IN9,I,S0014-B,156
MIN_MAX,OUT,O,S0014-B,156
MIN_MAX,STAT1,O,S0014-B,156
MIN_MAX,STAT10,O,S0014-B,156
MIN_MAX,STAT11,O,S0014-B,156
MIN_MAX,STAT12,O,S0014-B,156
MIN_MAX,STAT13,O,S0014-B,156
MIN_MAX,STAT14,O,S0014-B,156
MIN_MAX,STAT15,O,S0014-B,156
MIN_MAX,STAT16,O,S0014-B,156
MIN_MAX,STAT17,O,S0014-B,156
MIN_MAX,STAT18,O,S0014-B,156
MIN_MAX,STAT19,O,S0014-B,156
MIN_MAX,STAT2,O,S0014-B,156
MIN_MAX,STAT20,O,S0014-B,156
MIN_MAX,STAT21,O,S0014-B,156
MIN_MAX,STAT22,O,S0014-B,156
MIN_MAX,STAT23,O,S0014-B,156
MIN_MAX,STAT24,O,S0014-B,156
MIN_MAX,STAT25,O,S0014-B,156
MIN_MAX,STAT26,O,S0014-B,156
MIN_MAX,STAT27,O,S0014-B,156
MIN_MAX,STAT28,O,S0014-B,156
MIN_MAX,STAT29,O,S0014-B,156
MIN_MAX,STAT3,O,S0014-B,156
MIN_MAX,STAT30,O,S0014-B,156
MIN_MAX,STAT31,O,S0014-B,156
MIN_MAX,STAT32,O,S0014-B,156
MIN_MAX,STAT4,O,S0014-B,156
MIN_MAX,STAT5,O,S0014-B,156
MIN_MAX,STAT6,O,S0014-B,156
MIN_MAX,STAT7,O,S0014-B,156
MIN_MAX,STAT8,O,S0014-B,156
MIN_MAX,STAT9,O,S0014-B,156
MIN_MAX_STATUS,ENABLE,I,S0014-B~MIN_MAX,156
MIN_MAX_STATUS,FUNC,I,S0014-B~MIN_MAX,156
MIN_MAX_STATUS,IN1,I,S0014-B~MIN_MAX,156
MIN_MAX_STATUS,IN10,I,S0014-B~MIN_MAX,156
MIN_MAX_STATUS,IN11,I,S0014-B~MIN_MAX,156
MIN_MAX_STATUS,IN12,I,S0014-B~MIN_MAX,156
MIN_MAX_STATUS,IN13,I,S0014-B~MIN_MAX,156
MIN_MAX_STATUS,IN14,I,S0014-B~MIN_MAX,156
MIN_MAX_STATUS,IN15,I,S0014-B~MIN_MAX,156
MIN_MAX_STATUS,IN16,I,S0014-B~MIN_MAX,156
MIN_MAX_STATUS,IN17,I,S0014-B~MIN_MAX,156
MIN_MAX_STATUS,IN18,I,S0014-B~MIN_MAX,156
MIN_MAX_STATUS,IN19,I,S0014-B~MIN_MAX,156
MIN_MAX_STATUS,IN2,I,S0014-B~MIN_MAX,156
MIN_MAX_STATUS,IN20,I,S0014-B~MIN_MAX,156
MIN_MAX_STATUS,IN21,I,S0014-B~MIN_MAX,156
MIN_MAX_STATUS,IN22,I,S0014-B~MIN_MAX,156
MIN_MAX_STATUS,IN23,I,S0014-B~MIN_MAX,156
MIN_MAX_STATUS,IN24,I,S0014-B~MIN_MAX,156
MIN_MAX_STATUS,IN25,I,S0014-B~MIN_MAX,156
MIN_MAX_STATUS,IN26,I,S0014-B~MIN_MAX,156
MIN_MAX_STATUS,IN27,I,S0014-B~MIN_MAX,156
MIN_MAX_STATUS,IN28,I,S0014-B~MIN_MAX,156
MIN_MAX_STATUS,IN29,I,S0014-B~MIN_MAX,156
MIN_MAX_STATUS,IN3,I,S0014-B~MIN_MAX,156
MIN_MAX_STATUS,IN30,I,S0014-B~MIN_MAX,156
MIN_MAX_STATUS,IN31,I,S0014-B~MIN_MAX,156
MIN_MAX_STATUS,IN32,I,S0014-B~MIN_MAX,156
MIN_MAX_STATUS,IN4,I,S0014-B~MIN_MAX,156
MIN_MAX_STATUS,IN5,I,S0014-B~MIN_MAX,156
MIN_MAX_STATUS,IN6,I,S0014-B~MIN_MAX,156
MIN_MAX_STATUS,IN7,I,S0014-B~MIN_MAX,156
MIN_MAX_STATUS,IN8,I,S0014-B~MIN_MAX,156
MIN_MAX_STATUS,IN9,I,S0014-B~MIN_MAX,156
MIN_MAX_STATUS,OUT,O,S0014-B~MIN_MAX,156
MIN_MAX_STATUS,STAT1,O,S0014-B~MIN_MAX,156
MIN_MAX_STATUS,STAT10,O,S0014-B~MIN_MAX,156
MIN_MAX_STATUS,STAT11,O,S0014-B~MIN_MAX,156
MIN_MAX_STATUS,STAT12,O,S0014-B~MIN_MAX,156
MIN_MAX_STATUS,STAT13,O,S0014-B~MIN_MAX,156
MIN_MAX_STATUS,STAT14,O,S0014-B~MIN_MAX,156
MIN_MAX_STATUS,STAT15,O,S0014-B~MIN_MAX,156
MIN_MAX_STATUS,STAT16,O,S0014-B~MIN_MAX,156
MIN_MAX_STATUS,STAT17,O,S0014-B~MIN_MAX,156
MIN_MAX_STATUS,STAT18,O,S0014-B~MIN_MAX,156
MIN_MAX_STATUS,STAT19,O,S0014-B~MIN_MAX,156
MIN_MAX_STATUS,STAT2,O,S0014-B~MIN_MAX,156
MIN_MAX_STATUS,STAT20,O,S0014-B~MIN_MAX,156
MIN_MAX_STATUS,STAT21,O,S0014-B~MIN_MAX,156
MIN_MAX_STATUS,STAT22,O,S0014-B~MIN_MAX,156
MIN_MAX_STATUS,STAT23,O,S0014-B~MIN_MAX,156
MIN_MAX_STATUS,STAT24,O,S0014-B~MIN_MAX,156
MIN_MAX_STATUS,STAT25,O,S0014-B~MIN_MAX,156
MIN_MAX_STATUS,STAT26,O,S0014-B~MIN_MAX,156
MIN_MAX_STATUS,STAT27,O,S0014-B~MIN_MAX,156
MIN_MAX_STATUS,STAT28,O,S0014-B~MIN_MAX,156
MIN_MAX_STATUS,STAT29,O,S0014-B~MIN_MAX,156
MIN_MAX_STATUS,STAT3,O,S0014-B~MIN_MAX,156
MIN_MAX_STATUS,STAT30,O,S0014-B~MIN_MAX,156
MIN_MAX_STATUS,STAT31,O,S0014-B~MIN_MAX,156
MIN_MAX_STATUS,STAT32,O,S0014-B~MIN_MAX,156
MIN_MAX_STATUS,STAT4,O,S0014-B~MIN_MAX,156
MIN_MAX_STATUS,STAT5,O,S0014-B~MIN_MAX,156
MIN_MAX_STATUS,STAT6,O,S0014-B~MIN_MAX,156
MIN_MAX_STATUS,STAT7,O,S0014-B~MIN_MAX,156
MIN_MAX_STATUS,STAT8,O,S0014-B~MIN_MAX,156
MIN_MAX_STATUS,STAT9,O,S0014-B~MIN_MAX,156
MMINMAX,A,I,S0014-B,178
MMINMAX,COL,O,S0014-B,178
MMINMAX,COLS_A,I,S0014-B,178
MMINMAX,ENABLE,I,S0014-B,178
MMINMAX,FUNC,I,S0014-B,178
MMINMAX,ROW,O,S0014-B,178
MMINMAX,ROWS_A,I,S0014-B,178
MMINMAX,VALUE,O,S0014-B,178
MMUL,A,I,S0014-B,180
MMUL,B,I,S0014-B,180
MMUL,C,O,S0014-B,180
MMUL,COLS_A,I,S0014-B,180
MMUL,COLS_B,I,S0014-B,180
MMUL,COLS_C,O,S0014-B,180
MMUL,ENABLE,I,S0014-B,180
MMUL,ROWS_A,I,S0014-B,180
MMUL,ROWS_B,I,S0014-B,180
MMUL,ROWS_C,O,S0014-B,180
MODSEL,MD0RQ,I,S0014-B,194
MODSEL,MD7RQ,I,S0014-B,194
MODSEL,MODEW1,O,S0014-B,194
MODSEL,MODEW2,O,S0014-B,194
MODSEL,MODE_0,O,S0014-B,194
MODSEL,MODE_1,O,S0014-B,194
MODSEL,MODE_2,O,S0014-B,194
MODSEL,MODE_3,O,S0014-B,194
MODSEL,MODE_4,O,S0014-B,194
MODSEL,MODE_5,O,S0014-B,194
MODSEL,MODE_6,O,S0014-B,194
MODSEL,MODE_7,O,S0014-B,194
MODSEL,SCRATCH,O,S0014-B,194
MOVE,DEST,O,S0014-B,195
MOVE,ENABLE,I,S0014-B,195
MOVE,SRC,I,S0014-B,195
MOVE_DT,DEST,O,S0014-B,196
MOVE_DT,ENABLE,I,S0014-B,196
MOVE_DT,SRC,I,S0014-B,196
MOVE_IT,DEST,O,S0014-B,197
MOVE_IT,ENABLE,I,S0014-B,197
MOVE_IT,SRC,I,S0014-B,197
MOVE_STATUS,DEST,O,S0014-B~MOVE,195
MOVE_STATUS,ENABLE,I,S0014-B~MOVE,195
MOVE_STATUS,SRC,I,S0014-B~MOVE,195
MSUBMATRIX,A,I,S0014-B,182
MSUBMATRIX,B,O,S0014-B,182
MSUBMATRIX,COLS_A,I,S0014-B,182
MSUBMATRIX,COLS_B,O,S0014-B,182
MSUBMATRIX,COL_END,I,S0014-B,182
MSUBMATRIX,COL_INC,I,S0014-B,182
MSUBMATRIX,COL_ST,I,S0014-B,182
MSUBMATRIX,ENABLE,I,S0014-B,182
MSUBMATRIX,ROWS_A,I,S0014-B,182
MSUBMATRIX,ROWS_B,O,S0014-B,182
MSUBMATRIX,ROW_END,I,S0014-B,182
MSUBMATRIX,ROW_INC,I,S0014-B,182
MSUBMATRIX,ROW_ST,I,S0014-B,182
MSVCH,A,I,S0014-B,183
MSVCH,B,I,S0014-B,183
MSVCH,B_FLAG,I,S0014-B,183
MSVCH,C,O,S0014-B,183
MSVCH,COLS_A,I,S0014-B,183
MSVCH,COLS_B,I,S0014-B,183
MSVCH,COLS_C,O,S0014-B,183
MSVCH,ENABLE,I,S0014-B,183
MSVCH,ROWS_A,I,S0014-B,183
MSVCH,ROWS_B,I,S0014-B,183
MSVCH,ROWS_C,O,S0014-B,183
MTRN,A,I,S0014-B,184
MTRN,B,O,S0014-B,184
MTRN,COLS_A,I,S0014-B,184
MTRN,COLS_B,O,S0014-B,184
MTRN,ENABLE,I,S0014-B,184
MTRN,ROWS_A,I,S0014-B,184
MTRN,ROWS_B,O,S0014-B,184
MULT,IN1,I,S0014-B,198
MULT,IN10,I,S0014-B,198
MULT,IN11,I,S0014-B,198
MULT,IN12,I,S0014-B,198
MULT,IN13,I,S0014-B,198
MULT,IN14,I,S0014-B,198
MULT,IN15,I,S0014-B,198
MULT,IN16,I,S0014-B,198
MULT,IN17,I,S0014-B,198
MULT,IN18,I,S0014-B,198
MULT,IN19,I,S0014-B,198
MULT,IN2,I,S0014-B,198
MULT,IN20,I,S0014-B,198
MULT,IN21,I,S0014-B,198
MULT,IN22,I,S0014-B,198
MULT,IN23,I,S0014-B,198
MULT,IN24,I,S0014-B,198
MULT,IN25,I,S0014-B,198
MULT,IN26,I,S0014-B,198
MULT,IN27,I,S0014-B,198
MULT,IN28,I,S0014-B,198
MULT,IN29,I,S0014-B,198
MULT,IN3,I,S0014-B,198
MULT,IN30,I,S0014-B,198
MULT,IN31,I,S0014-B,198
MULT,IN32,I,S0014-B,198
MULT,IN4,I,S0014-B,198
MULT,IN5,I,S0014-B,198
MULT,IN6,I,S0014-B,198
MULT,IN7,I,S0014-B,198
MULT,IN8,I,S0014-B,198
MULT,IN9,I,S0014-B,198
MULT,OUT,O,S0014-B,198
MULT_STATUS,IN1,I,S0014-B~MULT,198
MULT_STATUS,IN10,I,S0014-B~MULT,198
MULT_STATUS,IN11,I,S0014-B~MULT,198
MULT_STATUS,IN12,I,S0014-B~MULT,198
MULT_STATUS,IN13,I,S0014-B~MULT,198
MULT_STATUS,IN14,I,S0014-B~MULT,198
MULT_STATUS,IN15,I,S0014-B~MULT,198
MULT_STATUS,IN16,I,S0014-B~MULT,198
MULT_STATUS,IN17,I,S0014-B~MULT,198
MULT_STATUS,IN18,I,S0014-B~MULT,198
MULT_STATUS,IN19,I,S0014-B~MULT,198
MULT_STATUS,IN2,I,S0014-B~MULT,198
MULT_STATUS,IN20,I,S0014-B~MULT,198
MULT_STATUS,IN21,I,S0014-B~MULT,198
MULT_STATUS,IN22,I,S0014-B~MULT,198
MULT_STATUS,IN23,I,S0014-B~MULT,198
MULT_STATUS,IN24,I,S0014-B~MULT,198
MULT_STATUS,IN25,I,S0014-B~MULT,198
MULT_STATUS,IN26,I,S0014-B~MULT,198
MULT_STATUS,IN27,I,S0014-B~MULT,198
MULT_STATUS,IN28,I,S0014-B~MULT,198
MULT_STATUS,IN29,I,S0014-B~MULT,198
MULT_STATUS,IN3,I,S0014-B~MULT,198
MULT_STATUS,IN30,I,S0014-B~MULT,198
MULT_STATUS,IN31,I,S0014-B~MULT,198
MULT_STATUS,IN32,I,S0014-B~MULT,198
MULT_STATUS,IN4,I,S0014-B~MULT,198
MULT_STATUS,IN5,I,S0014-B~MULT,198
MULT_STATUS,IN6,I,S0014-B~MULT,198
MULT_STATUS,IN7,I,S0014-B~MULT,198
MULT_STATUS,IN8,I,S0014-B~MULT,198
MULT_STATUS,IN9,I,S0014-B~MULT,198
MULT_STATUS,OUT,O,S0014-B~MULT,198
MUX,IN1,I,GEI-100679,162
MUX,IN10,I,S0010-0,323
MUX,IN11,I,S0010-0,323
MUX,IN12,I,S0010-0,323
MUX,IN13,I,S0010-0,323
MUX,IN14,I,S0010-0,323
MUX,IN15,I,S0010-0,323
MUX,IN16,I,S0010-0,323
MUX,IN17,I,S0010-0,323
MUX,IN18,I,S0010-0,323
MUX,IN19,I,S0010-0,323
MUX,IN2,I,S0010-0,323
MUX,IN20,I,S0010-0,323
MUX,IN21,I,S0010-0,323
MUX,IN22,I,S0010-0,323
MUX,IN23,I,S0010-0,323
MUX,IN24,I,S0010-0,323
MUX,IN25,I,S0010-0,323
MUX,IN26,I,S0010-0,323
MUX,IN27,I,S0010-0,323
MUX,IN28,I,S0010-0,323
MUX,IN29,I,S0010-0,323
MUX,IN3,I,S0010-0,323
MUX,IN30,I,S0010-0,323
MUX,IN31,I,S0010-0,323
MUX,IN32,I,S0010-0,323
MUX,IN4,I,S0010-0,323
MUX,IN5,I,S0010-0,323
MUX,IN6,I,S0010-0,323
MUX,IN7,I,S0010-0,323
MUX,IN8,I,S0010-0,323
MUX,IN9,I,S0010-0,323
MUX,OUT,O,GEI-100679,163
MUX,SEL,I,S0010-0,323
M_O_V,ANA_OUT_P,O,GEI-100679,100
M_O_V,AUTO,O,GEI-100679,100
M_O_V,AUTO_P,O,GEI-100679,100
M_O_V,AU_CL,I,GEI-100679,99
M_O_V,AU_INT,I,GEI-100679,99
M_O_V,AU_OP,I,GEI-100679,99
M_O_V,AU_PMT,I,GEI-100679,99
M_O_V,AU_REQ,O,GEI-100679,100
M_O_V,AU_SEL,I,GEI-100679,99
M_O_V,AVAIL,I,GEI-100679,99
M_O_V,AVAIL_A,O,GEI-100679,100
M_O_V,AVAIL_P,O,GEI-100679,100
M_O_V,CLOSED,O,GEI-100679,100
M_O_V,CL_FLR,O,GEI-100679,100
M_O_V,CL_FRC,I,GEI-100679,99
M_O_V,CL_INP,I,GEI-100679,99
M_O_V,CL_ORD,O,GEI-100679,100
M_O_V,CL_OVR,I,GEI-100679,99
M_O_V,CL_PMT,I,GEI-100679,99
M_O_V,CONGR_A,O,GEI-100679,100
M_O_V,CP_F_A,O,GEI-100679,101
M_O_V,CP_OK,I,GEI-100679,99
M_O_V,CP_OK_P,O,GEI-100679,101
M_O_V,CTL,I,S0010-0,138
M_O_V,CTRL_TYPE,I,S0010-0,138
M_O_V,FAULT,O,GEI-100679,101
M_O_V,FAULT_RESET,I,S0010-0,138
M_O_V,FL_CL_A,O,GEI-100679,101
M_O_V,FL_CL_T,I,S0010-0,138
M_O_V,FL_INT_A,O,GEI-100679,101
M_O_V,FL_I_CT,I,S0010-0,138
M_O_V,FL_I_OT,I,S0010-0,138
M_O_V,FL_OP_A,O,GEI-100679,101
M_O_V,FL_OP_T,I,S0010-0,138
M_O_V,FRC_CL,O,GEI-100679,101
M_O_V,FRC_CLB,O,GEI-100679,101
M_O_V,FRC_INT,O,GEI-100679,101
M_O_V,FRC_INTB,O,GEI-100679,101
M_O_V,FRC_OP,O,GEI-100679,101
M_O_V,FRC_OPB,O,GEI-100679,101
M_O_V,FUSE_MON_P,O,GEI-100679,101
M_O_V,INT,O,GEI-100679,101
M_O_V,INT_CMD,O,GEI-100679,101
M_O_V,INT_FRC,I,S0010-0,138
M_O_V,INT_OVR,I,S0010-0,138
M_O_V,INT_P,O,GEI-100679,101
M_O_V,INT_PMT,I,S0010-0,138
M_O_V,INT_SENS,I,S0010-0,138
M_O_V,INT_SETP,I,S0010-0,138
M_O_V,INT_ZS,I,S0010-0,138
M_O_V,IO_MON,I,GEI-100679,100
M_O_V,IO_OPT,I,GEI-100679,100
M_O_V,LOCAL,O,GEI-100679,101
M_O_V,LOCK,O,GEI-100679,101
M_O_V,LOCK_P,O,GEI-100679,101
M_O_V,MN_REJ,I,GEI-100679,100
M_O_V,MN_REJ_A,O,GEI-100679,101
M_O_V,MODE,O,GEI-100679,101
M_O_V,MODE_OPT,I,GEI-100679,100
M_O_V,OPEN,O,GEI-100679,101
M_O_V,OP_FLR,O,GEI-100679,101
M_O_V,OP_FRC,I,GEI-100679,100
M_O_V,OP_INP,I,GEI-100679,100
M_O_V,OP_ORD,O,GEI-100679,101
M_O_V,OP_OVR,I,GEI-100679,100
M_O_V,OP_PMT,I,GEI-100679,100
M_O_V,OUT,O,GEI-100679,100
M_O_V,OVR_CL,O,GEI-100679,101
M_O_V,OVR_CLB,O,GEI-100679,101
M_O_V,OVR_INT,O,GEI-100679,101
M_O_V,OVR_INTB,O,GEI-100679,102
M_O_V,OVR_OP,O,GEI-100679,102
M_O_V,OVR_OPB,O,GEI-100679,102
M_O_V,PBSTATE,O,GEI-100679,102
M_O_V,PBSTATE2,O,GEI-100679,102
M_O_V,PMT_AU,O,GEI-100679,102
M_O_V,PMT_AUB,O,GEI-100679,102
M_O_V,PMT_CL,O,GEI-100679,102
M_O_V,PMT_CLB,O,GEI-100679,102
M_O_V,PMT_INT,O,GEI-100679,102
M_O_V,PMT_INTB,O,GEI-100679,102
M_O_V,PMT_OP,O,GEI-100679,102
M_O_V,PMT_OPB,O,GEI-100679,102
M_O_V,POS,I,GEI-100679,100
M_O_V,POSFB_P,O,GEI-100679,102
M_O_V,POS_ORD,O,GEI-100679,102
M_O_V,PWR_FL_TMR,I,GEI-100679,100
M_O_V,RDY_CL,I,GEI-100679,100
M_O_V,RDY_OP,I,GEI-100679,100
M_O_V,REJ_MN,O,GEI-100679,102
M_O_V,REJ_MNB,O,GEI-100679,102
M_O_V,REMOTE,I,GEI-100679,100
M_O_V,REM_P,O,GEI-100679,102
M_O_V,TL_A,O,GEI-100679,102
M_O_V,TL_CL,I,GEI-100679,100
M_O_V,TL_OP,I,GEI-100679,100
M_O_V,TQ_LIM_P,O,GEI-100679,102
M_O_V,TRANSIT,I,GEI-100679,100
M_O_V,TRANS_P,O,GEI-100679,102
M_O_V,TRN_IND,O,GEI-100679,102
M_O_V,VOLT_MON_P,O,GEI-100679,102
M_O_V_JOG,ANA_CTRL_P,O,GEI-100679,132
M_O_V_JOG,ANA_OUT_P,O,GEI-100679,132
M_O_V_JOG,AUTO,O,GEI-100679,132
M_O_V_JOG,AUTO_ANA_CTRL_P,O,GEI-100679,132
M_O_V_JOG,AUTO_DIG_CTRL_P,O,GEI-100679,132
M_O_V_JOG,AUTO_P,O,GEI-100679,133
M_O_V_JOG,AU_CL,I,GEI-100679,131
M_O_V_JOG,AU_OP,I,GEI-100679,131
M_O_V_JOG,AU_PMT,I,GEI-100679,131
M_O_V_JOG,AU_REQ,O,GEI-100679,132
M_O_V_JOG,AU_SEL,I,GEI-100679,131
M_O_V_JOG,AU_SETP,I,GEI-100679,131
M_O_V_JOG,AU_STOP,I,GEI-100679,131
M_O_V_JOG,AVAIL,I,GEI-100679,131
M_O_V_JOG,AVAIL_A,O,GEI-100679,133
M_O_V_JOG,AVAIL_P,O,GEI-100679,133
M_O_V_JOG,CLOSED,O,GEI-100679,133
M_O_V_JOG,CL_FLR,O,GEI-100679,133
M_O_V_JOG,CL_FRC,I,GEI-100679,131
M_O_V_JOG,CL_INP,I,GEI-100679,131
M_O_V_JOG,CL_ORD,O,GEI-100679,133
M_O_V_JOG,CL_OVR,I,GEI-100679,131
M_O_V_JOG,CL_PMT,I,GEI-100679,131
M_O_V_JOG,CMD_FRC,I,GEI-100679,131
M_O_V_JOG,CMD_OVR,I,GEI-100679,131
M_O_V_JOG,CONGR_A,O,GEI-100679,133
M_O_V_JOG,CP_F_A,O,GEI-100679,133
M_O_V_JOG,CP_OK,I,GEI-100679,131
M_O_V_JOG,CP_OK_P,O,GEI-100679,133
M_O_V_JOG,CTL,I,S0010-0,218
M_O_V_JOG,CTRL_TYPE,I,S0010-0,218
M_O_V_JOG,DIG_CTRL_P,O,GEI-100679,133
M_O_V_JOG,DIG_IN_P,O,GEI-100679,133
M_O_V_JOG,DIG_OUT_P,O,GEI-100679,133
M_O_V_JOG,FAULT,O,GEI-100679,133
M_O_V_JOG,FAULT_RESET,I,S0010-0,218
M_O_V_JOG,FL_CL_A,O,GEI-100679,133
M_O_V_JOG,FL_CL_T,I,S0010-0,218
M_O_V_JOG,FL_OP_A,O,GEI-100679,133
M_O_V_JOG,FL_OP_T,I,S0010-0,218
M_O_V_JOG,FL_STP_A,O,GEI-100679,133
M_O_V_JOG,FRC_CL,O,GEI-100679,133
M_O_V_JOG,FRC_CLB,O,GEI-100679,133
M_O_V_JOG,FRC_CMD,O,GEI-100679,133
M_O_V_JOG,FRC_CMDB,O,GEI-100679,133
M_O_V_JOG,FRC_OP,O,GEI-100679,133
M_O_V_JOG,FRC_OPB,O,GEI-100679,133
M_O_V_JOG,FRC_STP,O,GEI-100679,133
M_O_V_JOG,FRC_STPB,O,GEI-100679,133
M_O_V_JOG,FUSE_MON_P,O,GEI-100679,133
M_O_V_JOG,FV,I,S0010-0,218
M_O_V_JOG,IN_POS,O,GEI-100679,134
M_O_V_JOG,IO_MON,I,S0010-0,218
M_O_V_JOG,IO_OPT,I,S0010-0,218
M_O_V_JOG,LOCAL,O,GEI-100679,134
M_O_V_JOG,LOCK,O,GEI-100679,134
M_O_V_JOG,LOCK_P,O,GEI-100679,134
M_O_V_JOG,MAN_ANA_CTRL_P,O,GEI-100679,134
M_O_V_JOG,MAN_DIG_CTRL_P,O,GEI-100679,134
M_O_V_JOG,MN_REJ,I,S0010-0,218
M_O_V_JOG,MN_REJ_A,O,GEI-100679,134
M_O_V_JOG,MN_SETP,I,S0010-0,219
M_O_V_JOG,MODE,O,GEI-100679,134
M_O_V_JOG,MODE_OPT,I,S0010-0,219
M_O_V_JOG,OPEN,O,GEI-100679,134
M_O_V_JOG,OP_FLR,O,GEI-100679,134
M_O_V_JOG,OP_FRC,I,S0010-0,219
M_O_V_JOG,OP_INP,I,S0010-0,219
M_O_V_JOG,OP_ORD,O,GEI-100679,134
M_O_V_JOG,OP_OVR,I,S0010-0,219
M_O_V_JOG,OP_PMT,I,S0010-0,219
M_O_V_JOG,OUT,O,GEI-100679,132
M_O_V_JOG,OV,I,S0010-0,219
M_O_V_JOG,OVR_CL,O,GEI-100679,134
M_O_V_JOG,OVR_CLB,O,GEI-100679,134
M_O_V_JOG,OVR_CMD,O,GEI-100679,134
M_O_V_JOG,OVR_CMDB,O,GEI-100679,134
M_O_V_JOG,OVR_OP,O,GEI-100679,134
M_O_V_JOG,OVR_OPB,O,GEI-100679,134
M_O_V_JOG,OVR_STP,O,GEI-100679,134
M_O_V_JOG,OVR_STPB,O,GEI-100679,134
M_O_V_JOG,PBSTATE,O,GEI-100679,134
M_O_V_JOG,PBSTATE2,O,GEI-100679,134
M_O_V_JOG,PMT_AU,O,GEI-100679,134
M_O_V_JOG,PMT_AUB,O,GEI-100679,134
M_O_V_JOG,PMT_CL,O,GEI-100679,134
M_O_V_JOG,PMT_CLB,O,GEI-100679,134
M_O_V_JOG,PMT_OP,O,GEI-100679,135
M_O_V_JOG,PMT_OPB,O,GEI-100679,135
M_O_V_JOG,POS,I,GEI-100679,132
M_O_V_JOG,POSFB_P,O,GEI-100679,135
M_O_V_JOG,POS_BQ,O,GEI-100679,135
M_O_V_JOG,POS_CR,I,GEI-100679,132
M_O_V_JOG,POS_DB,I,GEI-100679,132
M_O_V_JOG,POS_FT,I,GEI-100679,132
M_O_V_JOG,POS_HY,I,GEI-100679,132
M_O_V_JOG,POS_NT,I,GEI-100679,132
M_O_V_JOG,POS_OR,I,GEI-100679,132
M_O_V_JOG,POS_ORD,O,GEI-100679,135
M_O_V_JOG,PWR_FL_TMR,I,GEI-100679,132
M_O_V_JOG,RDY_CL,I,GEI-100679,132
M_O_V_JOG,RDY_OP,I,GEI-100679,132
M_O_V_JOG,REJ_MN,O,GEI-100679,135
M_O_V_JOG,REJ_MNB,O,GEI-100679,135
M_O_V_JOG,REMOTE,I,GEI-100679,132
M_O_V_JOG,REM_P,O,GEI-100679,135
M_O_V_JOG,STP_FRC,I,GEI-100679,132
M_O_V_JOG,STP_OVR,I,GEI-100679,132
M_O_V_JOG,TL_A,O,GEI-100679,135
M_O_V_JOG,TL_CL,I,GEI-100679,132
M_O_V_JOG,TL_OP,I,GEI-100679,132
M_O_V_JOG,TQ_LIM_P,O,GEI-100679,135
M_O_V_JOG,TRANSIT,I,GEI-100679,132
M_O_V_JOG,TRANS_P,O,GEI-100679,135
M_O_V_JOG,TRN_IND,O,GEI-100679,135
M_O_V_JOG,VOLT_MON_P,O,GEI-100679,135
M_O_V_JOG_V2,ANA_CTRL_P,O,S0010-0,249
M_O_V_JOG_V2,ANA_OUT_P,O,S0010-0,249
M_O_V_JOG_V2,AUTO,O,S0010-0,249
M_O_V_JOG_V2,AUTO_ANA_CTRL_P,O,S0010-0,249
M_O_V_JOG_V2,AUTO_DIG_CTRL_P,O,S0010-0,249
M_O_V_JOG_V2,AUTO_P,O,S0010-0,249
M_O_V_JOG_V2,AU_CL,I,S0010-0,247
M_O_V_JOG_V2,AU_OP,I,S0010-0,247
M_O_V_JOG_V2,AU_PMT,I,S0010-0,247
M_O_V_JOG_V2,AU_REQ,O,S0010-0,249
M_O_V_JOG_V2,AU_SEL,I,S0010-0,247
M_O_V_JOG_V2,AU_SETP,I,S0010-0,247
M_O_V_JOG_V2,AU_STOP,I,S0010-0,247
M_O_V_JOG_V2,AVAIL,I,S0010-0,247
M_O_V_JOG_V2,AVAIL_A,O,S0010-0,249
M_O_V_JOG_V2,AVAIL_P,O,S0010-0,249
M_O_V_JOG_V2,CLOSED,O,S0010-0,249
M_O_V_JOG_V2,CL_FLR,O,S0010-0,249
M_O_V_JOG_V2,CL_FRC,I,S0010-0,247
M_O_V_JOG_V2,CL_INP,I,S0010-0,247
M_O_V_JOG_V2,CL_ORD,O,S0010-0,249
M_O_V_JOG_V2,CL_OVR,I,S0010-0,247
M_O_V_JOG_V2,CL_PMT,I,S0010-0,247
M_O_V_JOG_V2,CMD_FRC,I,S0010-0,247
M_O_V_JOG_V2,CMD_OVR,I,S0010-0,247
M_O_V_JOG_V2,CONGR_A,O,S0010-0,249
M_O_V_JOG_V2,CP_F_A,O,S0010-0,249
M_O_V_JOG_V2,CP_OK,I,S0010-0,247
M_O_V_JOG_V2,CP_OK_P,O,S0010-0,249
M_O_V_JOG_V2,CTL,I,S0010-0,247
M_O_V_JOG_V2,CTRL_TYPE,I,S0010-0,247
M_O_V_JOG_V2,DIG_CTRL_P,O,S0010-0,249
M_O_V_JOG_V2,DIG_IN_P,O,S0010-0,249
M_O_V_JOG_V2,DIG_OUT_P,O,S0010-0,249
M_O_V_JOG_V2,FAULT,O,S0010-0,249
M_O_V_JOG_V2,FAULT_RESET,I,S0010-0,247
M_O_V_JOG_V2,FL_CL_A,O,S0010-0,249
M_O_V_JOG_V2,FL_CL_T,I,S0010-0,247
M_O_V_JOG_V2,FL_OP_A,O,S0010-0,249
M_O_V_JOG_V2,FL_OP_T,I,S0010-0,247
M_O_V_JOG_V2,FL_STP_A,O,S0010-0,249
M_O_V_JOG_V2,FRC_CL,O,S0010-0,249
M_O_V_JOG_V2,FRC_CLB,O,S0010-0,249
M_O_V_JOG_V2,FRC_CMD,O,S0010-0,249
M_O_V_JOG_V2,FRC_CMDB,O,S0010-0,249
M_O_V_JOG_V2,FRC_OP,O,S0010-0,249
M_O_V_JOG_V2,FRC_OPB,O,S0010-0,249
M_O_V_JOG_V2,FRC_STP,O,S0010-0,249
M_O_V_JOG_V2,FRC_STPB,O,S0010-0,249
M_O_V_JOG_V2,FUSE_MON_P,O,S0010-0,249
M_O_V_JOG_V2,FV,I,S0010-0,247
M_O_V_JOG_V2,IN_POS,O,S0010-0,249
M_O_V_JOG_V2,IO_MON,I,S0010-0,247
M_O_V_JOG_V2,IO_OPT,I,S0010-0,247
M_O_V_JOG_V2,LOCAL,O,S0010-0,249
M_O_V_JOG_V2,LOCK,O,S0010-0,249
M_O_V_JOG_V2,LOCK_P,O,S0010-0,249
M_O_V_JOG_V2,MAN_ANA_CTRL_P,O,S0010-0,249
M_O_V_JOG_V2,MAN_DIG_CTRL_P,O,S0010-0,249
M_O_V_JOG_V2,MN_REJ,I,S0010-0,247
M_O_V_JOG_V2,MN_REJ_A,O,S0010-0,249
M_O_V_JOG_V2,MN_SETP,I,S0010-0,247
M_O_V_JOG_V2,MODE,O,S0010-0,249
M_O_V_JOG_V2,MODE_OPT,I,S0010-0,247
M_O_V_JOG_V2,OPEN,O,S0010-0,249
M_O_V_JOG_V2,OP_FLR,O,S0010-0,249
M_O_V_JOG_V2,OP_FRC,I,S0010-0,247
M_O_V_JOG_V2,OP_INP,I,S0010-0,247
M_O_V_JOG_V2,OP_ORD,O,S0010-0,249
M_O_V_JOG_V2,OP_OVR,I,S0010-0,247
M_O_V_JOG_V2,OP_PMT,I,S0010-0,247
M_O_V_JOG_V2,OUT,O,S0010-0,249
M_O_V_JOG_V2,OV,I,S0010-0,247
M_O_V_JOG_V2,OVR_CL,O,S0010-0,249
M_O_V_JOG_V2,OVR_CLB,O,S0010-0,249
M_O_V_JOG_V2,OVR_CMD,O,S0010-0,249
M_O_V_JOG_V2,OVR_CMDB,O,S0010-0,249
M_O_V_JOG_V2,OVR_OP,O,S0010-0,249
M_O_V_JOG_V2,OVR_OPB,O,S0010-0,250
M_O_V_JOG_V2,OVR_STP,O,S0010-0,250
M_O_V_JOG_V2,OVR_STPB,O,S0010-0,250
M_O_V_JOG_V2,PBSTATE,O,S0010-0,250
M_O_V_JOG_V2,PBSTATE2,O,S0010-0,250
M_O_V_JOG_V2,PMT_AU,O,S0010-0,250
M_O_V_JOG_V2,PMT_AUB,O,S0010-0,250
M_O_V_JOG_V2,PMT_CL,O,S0010-0,250
M_O_V_JOG_V2,PMT_CLB,O,S0010-0,250
M_O_V_JOG_V2,PMT_OP,O,S0010-0,250
M_O_V_JOG_V2,PMT_OPB,O,S0010-0,250
M_O_V_JOG_V2,POS,I,S0010-0,247
M_O_V_JOG_V2,POSFB_P,O,S0010-0,250
M_O_V_JOG_V2,POS_BQ,O,S0010-0,250
M_O_V_JOG_V2,POS_CR,I,S0010-0,247
M_O_V_JOG_V2,POS_DB,I,S0010-0,247
M_O_V_JOG_V2,POS_FT,I,S0010-0,247
M_O_V_JOG_V2,POS_HY,I,S0010-0,247
M_O_V_JOG_V2,POS_NT,I,S0010-0,247
M_O_V_JOG_V2,POS_OR,I,S0010-0,247
M_O_V_JOG_V2,POS_ORD,O,S0010-0,250
M_O_V_JOG_V2,PWR_FL_TMR,I,S0010-0,247
M_O_V_JOG_V2,RDY_CL,I,S0010-0,247
M_O_V_JOG_V2,RDY_OP,I,S0010-0,247
M_O_V_JOG_V2,REJ_MN,O,S0010-0,250
M_O_V_JOG_V2,REJ_MNB,O,S0010-0,250
M_O_V_JOG_V2,REMOTE,I,S0010-0,247
M_O_V_JOG_V2,REM_P,O,S0010-0,250
M_O_V_JOG_V2,STP_FRC,I,S0010-0,247
M_O_V_JOG_V2,STP_OVR,I,S0010-0,247
M_O_V_JOG_V2,TL_A,O,S0010-0,250
M_O_V_JOG_V2,TL_CL,I,S0010-0,247
M_O_V_JOG_V2,TL_OP,I,S0010-0,247
M_O_V_JOG_V2,TQ_LIM_P,O,S0010-0,250
M_O_V_JOG_V2,TRANSIT,I,S0010-0,248
M_O_V_JOG_V2,TRANS_P,O,S0010-0,250
M_O_V_JOG_V2,TRN_IND,O,S0010-0,250
M_O_V_JOG_V2,VOLT_MON_P,O,S0010-0,250
M_O_V_JOG_V3,ANA_CTRL_P,O,S0010-0,278
M_O_V_JOG_V3,ANA_OUT_P,O,S0010-0,278
M_O_V_JOG_V3,AUTO,O,S0010-0,278
M_O_V_JOG_V3,AUTO_ANA_CTRL_P,O,S0010-0,278
M_O_V_JOG_V3,AUTO_DIG_CTRL_P,O,S0010-0,278
M_O_V_JOG_V3,AUTO_P,O,S0010-0,278
M_O_V_JOG_V3,AU_CL,I,S0010-0,276
M_O_V_JOG_V3,AU_OP,I,S0010-0,276
M_O_V_JOG_V3,AU_PMT,I,S0010-0,276
M_O_V_JOG_V3,AU_REQ,O,S0010-0,278
M_O_V_JOG_V3,AU_SEL,I,S0010-0,276
M_O_V_JOG_V3,AU_SETP,I,S0010-0,276
M_O_V_JOG_V3,AU_STOP,I,S0010-0,276
M_O_V_JOG_V3,AVAIL,I,S0010-0,276
M_O_V_JOG_V3,AVAIL_A,O,S0010-0,278
M_O_V_JOG_V3,AVAIL_P,O,S0010-0,278
M_O_V_JOG_V3,CLOSED,O,S0010-0,278
M_O_V_JOG_V3,CL_FLR,O,S0010-0,278
M_O_V_JOG_V3,CL_FRC,I,S0010-0,276
M_O_V_JOG_V3,CL_INP,I,S0010-0,276
M_O_V_JOG_V3,CL_ORD,O,S0010-0,278
M_O_V_JOG_V3,CL_OVR,I,S0010-0,276
M_O_V_JOG_V3,CL_PMT,I,S0010-0,276
M_O_V_JOG_V3,CMD_FRC,I,S0010-0,276
M_O_V_JOG_V3,CMD_OVR,I,S0010-0,276
M_O_V_JOG_V3,CONGR_A,O,S0010-0,278
M_O_V_JOG_V3,CP_F_A,O,S0010-0,278
M_O_V_JOG_V3,CP_OK,I,S0010-0,276
M_O_V_JOG_V3,CP_OK_P,O,S0010-0,278
M_O_V_JOG_V3,CTL,I,S0010-0,276
M_O_V_JOG_V3,CTRL_TYPE,I,S0010-0,276
M_O_V_JOG_V3,DIG_CTRL_P,O,S0010-0,278
M_O_V_JOG_V3,DIG_IN_P,O,S0010-0,278
M_O_V_JOG_V3,DIG_OUT_P,O,S0010-0,278
M_O_V_JOG_V3,FAULT,O,S0010-0,278
M_O_V_JOG_V3,FAULT_RESET,I,S0010-0,276
M_O_V_JOG_V3,FL_CL_A,O,S0010-0,278
M_O_V_JOG_V3,FL_CL_T,I,S0010-0,276
M_O_V_JOG_V3,FL_OP_A,O,S0010-0,278
M_O_V_JOG_V3,FL_OP_T,I,S0010-0,276
M_O_V_JOG_V3,FL_STP_A,O,S0010-0,278
M_O_V_JOG_V3,FL_TRANS_T,I,S0010-0,276
M_O_V_JOG_V3,FRC_CL,O,S0010-0,278
M_O_V_JOG_V3,FRC_CLB,O,S0010-0,278
M_O_V_JOG_V3,FRC_CMD,O,S0010-0,278
M_O_V_JOG_V3,FRC_CMDB,O,S0010-0,278
M_O_V_JOG_V3,FRC_OP,O,S0010-0,278
M_O_V_JOG_V3,FRC_OPB,O,S0010-0,278
M_O_V_JOG_V3,FRC_STP,O,S0010-0,278
M_O_V_JOG_V3,FRC_STPB,O,S0010-0,278
M_O_V_JOG_V3,FUSE_MON_P,O,S0010-0,278
M_O_V_JOG_V3,FV,I,S0010-0,276
M_O_V_JOG_V3,IN_POS,O,S0010-0,278
M_O_V_JOG_V3,IO_MON,I,S0010-0,276
M_O_V_JOG_V3,IO_OPT,I,S0010-0,276
M_O_V_JOG_V3,LOCAL,O,S0010-0,278
M_O_V_JOG_V3,LOCK,O,S0010-0,278
M_O_V_JOG_V3,LOCK_P,O,S0010-0,278
M_O_V_JOG_V3,MAN_ANA_CTRL_P,O,S0010-0,278
M_O_V_JOG_V3,MAN_DIG_CTRL_P,O,S0010-0,278
M_O_V_JOG_V3,MN_REJ,I,S0010-0,276
M_O_V_JOG_V3,MN_REJ_A,O,S0010-0,278
M_O_V_JOG_V3,MN_SETP,I,S0010-0,276
M_O_V_JOG_V3,MODE,O,S0010-0,278
M_O_V_JOG_V3,MODE_OPT,I,S0010-0,276
M_O_V_JOG_V3,OPEN,O,S0010-0,278
M_O_V_JOG_V3,OP_FLR,O,S0010-0,278
M_O_V_JOG_V3,OP_FRC,I,S0010-0,276
M_O_V_JOG_V3,OP_INP,I,S0010-0,276
M_O_V_JOG_V3,OP_ORD,O,S0010-0,278
M_O_V_JOG_V3,OP_OVR,I,S0010-0,276
M_O_V_JOG_V3,OP_PMT,I,S0010-0,276
M_O_V_JOG_V3,OUT,O,S0010-0,278
M_O_V_JOG_V3,OV,I,S0010-0,276
M_O_V_JOG_V3,OVR_CL,O,S0010-0,278
M_O_V_JOG_V3,OVR_CLB,O,S0010-0,278
M_O_V_JOG_V3,OVR_CMD,O,S0010-0,278
M_O_V_JOG_V3,OVR_CMDB,O,S0010-0,278
M_O_V_JOG_V3,OVR_OP,O,S0010-0,278
M_O_V_JOG_V3,OVR_OPB,O,S0010-0,279
M_O_V_JOG_V3,OVR_STP,O,S0010-0,279
M_O_V_JOG_V3,OVR_STPB,O,S0010-0,279
M_O_V_JOG_V3,PBSTATE,O,S0010-0,279
M_O_V_JOG_V3,PBSTATE2,O,S0010-0,279
M_O_V_JOG_V3,PMT_AU,O,S0010-0,279
M_O_V_JOG_V3,PMT_AUB,O,S0010-0,279
M_O_V_JOG_V3,PMT_CL,O,S0010-0,279
M_O_V_JOG_V3,PMT_CLB,O,S0010-0,279
M_O_V_JOG_V3,PMT_OP,O,S0010-0,279
M_O_V_JOG_V3,PMT_OPB,O,S0010-0,279
M_O_V_JOG_V3,POS,I,S0010-0,276
M_O_V_JOG_V3,POSFB_P,O,S0010-0,279
M_O_V_JOG_V3,POS_BQ,O,S0010-0,279
M_O_V_JOG_V3,POS_CR,I,S0010-0,276
M_O_V_JOG_V3,POS_DB,I,S0010-0,276
M_O_V_JOG_V3,POS_FT,I,S0010-0,276
M_O_V_JOG_V3,POS_HY,I,S0010-0,276
M_O_V_JOG_V3,POS_NT,I,S0010-0,276
M_O_V_JOG_V3,POS_OR,I,S0010-0,276
M_O_V_JOG_V3,POS_ORD,O,S0010-0,279
M_O_V_JOG_V3,PWR_FL_TMR,I,S0010-0,276
M_O_V_JOG_V3,RDY_CL,I,S0010-0,276
M_O_V_JOG_V3,RDY_OP,I,S0010-0,276
M_O_V_JOG_V3,REJ_MN,O,S0010-0,279
M_O_V_JOG_V3,REJ_MNB,O,S0010-0,279
M_O_V_JOG_V3,REMOTE,I,S0010-0,276
M_O_V_JOG_V3,REM_P,O,S0010-0,279
M_O_V_JOG_V3,STP_FRC,I,S0010-0,276
M_O_V_JOG_V3,STP_OVR,I,S0010-0,276
M_O_V_JOG_V3,TL_A,O,S0010-0,279
M_O_V_JOG_V3,TL_CL,I,S0010-0,276
M_O_V_JOG_V3,TL_OP,I,S0010-0,277
M_O_V_JOG_V3,TQ_LIM_P,O,S0010-0,279
M_O_V_JOG_V3,TRANSIT,I,S0010-0,277
M_O_V_JOG_V3,TRANS_P,O,S0010-0,279
M_O_V_JOG_V3,TRN_IND,O,S0010-0,279
M_O_V_JOG_V3,VOLT_MON_P,O,S0010-0,279
M_O_V_V2,ALARM,O,S0010-0,161
M_O_V_V2,ALARM_RESET,I,S0010-0,159
M_O_V_V2,ANA_OUT_P,O,S0010-0,161
M_O_V_V2,AUTO,O,S0010-0,161
M_O_V_V2,AUTO_P,O,S0010-0,161
M_O_V_V2,AU_CL,I,S0010-0,159
M_O_V_V2,AU_INT,I,S0010-0,159
M_O_V_V2,AU_OP,I,S0010-0,159
M_O_V_V2,AU_PMT,I,S0010-0,159
M_O_V_V2,AU_REQ,O,S0010-0,161
M_O_V_V2,AU_SEL,I,S0010-0,159
M_O_V_V2,AVAIL,I,S0010-0,159
M_O_V_V2,AVAIL_A,O,S0010-0,161
M_O_V_V2,AVAIL_P,O,S0010-0,161
M_O_V_V2,CLOSED,O,S0010-0,161
M_O_V_V2,CL_FLR,O,S0010-0,161
M_O_V_V2,CL_FRC,I,S0010-0,159
M_O_V_V2,CL_INP,I,S0010-0,159
M_O_V_V2,CL_ORD,O,S0010-0,161
M_O_V_V2,CL_OVR,I,S0010-0,159
M_O_V_V2,CL_PMT,I,S0010-0,159
M_O_V_V2,CONGR_A,O,S0010-0,161
M_O_V_V2,CP_F_A,O,S0010-0,161
M_O_V_V2,CP_OK,I,S0010-0,159
M_O_V_V2,CP_OK_P,O,S0010-0,161
M_O_V_V2,CTL,I,S0010-0,160
M_O_V_V2,CTRL_TYPE,I,S0010-0,160
M_O_V_V2,FL_CL_A,O,S0010-0,161
M_O_V_V2,FL_CL_T,I,S0010-0,160
M_O_V_V2,FL_INT_A,O,S0010-0,161
M_O_V_V2,FL_I_CT,I,S0010-0,160
M_O_V_V2,FL_I_OT,I,S0010-0,160
M_O_V_V2,FL_OP_A,O,S0010-0,161
M_O_V_V2,FL_OP_T,I,S0010-0,160
M_O_V_V2,FRC_CL,O,S0010-0,161
M_O_V_V2,FRC_INT,O,S0010-0,161
M_O_V_V2,FRC_OP,O,S0010-0,161
M_O_V_V2,FUSE_MON_P,O,S0010-0,161
M_O_V_V2,INT,O,S0010-0,161
M_O_V_V2,INT_CMD,O,S0010-0,161
M_O_V_V2,INT_FRC,I,S0010-0,159
M_O_V_V2,INT_OVR,I,S0010-0,159
M_O_V_V2,INT_PMT,I,S0010-0,159
M_O_V_V2,INT_SENS,I,S0010-0,160
M_O_V_V2,INT_SETP,I,S0010-0,159
M_O_V_V2,INT_ZS,I,S0010-0,159
M_O_V_V2,IO_MON,I,S0010-0,160
M_O_V_V2,IO_OPT,I,S0010-0,160
M_O_V_V2,LOCK,O,S0010-0,161
M_O_V_V2,LOCK_P,O,S0010-0,161
M_O_V_V2,MN_REJ,I,S0010-0,159
M_O_V_V2,MN_REJ_A,O,S0010-0,161
M_O_V_V2,MODE,O,S0010-0,161
M_O_V_V2,MODE_OPT,I,S0010-0,160
M_O_V_V2,OPEN,O,S0010-0,161
M_O_V_V2,OP_FLR,O,S0010-0,161
M_O_V_V2,OP_FRC,I,S0010-0,159
M_O_V_V2,OP_INP,I,S0010-0,159
M_O_V_V2,OP_ORD,O,S0010-0,161
M_O_V_V2,OP_OVR,I,S0010-0,159
M_O_V_V2,OP_PMT,I,S0010-0,159
M_O_V_V2,OVR_CL,O,S0010-0,161
M_O_V_V2,OVR_INT,O,S0010-0,161
M_O_V_V2,OVR_OP,O,S0010-0,161
M_O_V_V2,PMT_AU,O,S0010-0,161
M_O_V_V2,PMT_CL,O,S0010-0,161
M_O_V_V2,PMT_OP,O,S0010-0,161
M_O_V_V2,POS,I,S0010-0,159
M_O_V_V2,POSFB_P,O,S0010-0,161
M_O_V_V2,POS_ORD,O,S0010-0,161
M_O_V_V2,PWR_FL_TMR,I,S0010-0,160
M_O_V_V2,RDY_CL,I,S0010-0,159
M_O_V_V2,RDY_OP,I,S0010-0,159
M_O_V_V2,REMOTE,I,S0010-0,159
M_O_V_V2,REMOTE_A,O,S0010-0,161
M_O_V_V2,REM_P,O,S0010-0,161
M_O_V_V2,TL_A,O,S0010-0,161
M_O_V_V2,TL_CL,I,S0010-0,159
M_O_V_V2,TL_OP,I,S0010-0,159
M_O_V_V2,TQ_LIM_P,O,S0010-0,161
M_O_V_V2,TRANSIT,I,S0010-0,159
M_O_V_V2,TRANS_P,O,S0010-0,161
M_O_V_V2,TRN_IND,O,S0010-0,161
M_O_V_V2,VOLT_MON_P,O,S0010-0,161
M_O_V_V3,ALARM,O,S0010-0,180
M_O_V_V3,ALARM_RESET,I,S0010-0,178
M_O_V_V3,ANA_OUT_P,O,S0010-0,180
M_O_V_V3,AUTO,O,S0010-0,180
M_O_V_V3,AUTO_P,O,S0010-0,180
M_O_V_V3,AU_CL,I,S0010-0,178
M_O_V_V3,AU_INT,I,S0010-0,178
M_O_V_V3,AU_OP,I,S0010-0,178
M_O_V_V3,AU_PMT,I,S0010-0,178
M_O_V_V3,AU_REQ,O,S0010-0,180
M_O_V_V3,AU_SEL,I,S0010-0,178
M_O_V_V3,AVAIL,I,S0010-0,178
M_O_V_V3,AVAIL_A,O,S0010-0,180
M_O_V_V3,AVAIL_P,O,S0010-0,180
M_O_V_V3,CLOSED,O,S0010-0,180
M_O_V_V3,CL_FLR,O,S0010-0,180
M_O_V_V3,CL_FRC,I,S0010-0,178
M_O_V_V3,CL_INP,I,S0010-0,178
M_O_V_V3,CL_ORD,O,S0010-0,180
M_O_V_V3,CL_OVR,I,S0010-0,178
M_O_V_V3,CL_PMT,I,S0010-0,178
M_O_V_V3,CONGR_A,O,S0010-0,180
M_O_V_V3,CP_F_A,O,S0010-0,180
M_O_V_V3,CP_OK,I,S0010-0,178
M_O_V_V3,CP_OK_P,O,S0010-0,180
M_O_V_V3,CTL,I,S0010-0,179
M_O_V_V3,CTRL_TYPE,I,S0010-0,179
M_O_V_V3,FL_CL_A,O,S0010-0,180
M_O_V_V3,FL_CL_T,I,S0010-0,179
M_O_V_V3,FL_INT_A,O,S0010-0,180
M_O_V_V3,FL_I_CT,I,S0010-0,179
M_O_V_V3,FL_I_OT,I,S0010-0,179
M_O_V_V3,FL_OP_A,O,S0010-0,180
M_O_V_V3,FL_OP_T,I,S0010-0,179
M_O_V_V3,FRC_CL,O,S0010-0,180
M_O_V_V3,FRC_INT,O,S0010-0,180
M_O_V_V3,FRC_OP,O,S0010-0,180
M_O_V_V3,FUSE_MON_P,O,S0010-0,180
M_O_V_V3,INT,O,S0010-0,180
M_O_V_V3,INT_CMD,O,S0010-0,180
M_O_V_V3,INT_FRC,I,S0010-0,178
M_O_V_V3,INT_OVR,I,S0010-0,178
M_O_V_V3,INT_PMT,I,S0010-0,178
M_O_V_V3,INT_SENS,I,S0010-0,179
M_O_V_V3,INT_SETP,I,S0010-0,178
M_O_V_V3,INT_ZS,I,S0010-0,178
M_O_V_V3,IO_MON,I,S0010-0,179
M_O_V_V3,IO_OPT,I,S0010-0,179
M_O_V_V3,LOCK,O,S0010-0,180
M_O_V_V3,LOCK_P,O,S0010-0,180
M_O_V_V3,MN_REJ,I,S0010-0,178
M_O_V_V3,MN_REJ_A,O,S0010-0,180
M_O_V_V3,MODE,O,S0010-0,180
M_O_V_V3,MODE_OPT,I,S0010-0,179
M_O_V_V3,OPEN,O,S0010-0,180
M_O_V_V3,OP_FLR,O,S0010-0,180
M_O_V_V3,OP_FRC,I,S0010-0,178
M_O_V_V3,OP_INP,I,S0010-0,178
M_O_V_V3,OP_ORD,O,S0010-0,180
M_O_V_V3,OP_OVR,I,S0010-0,178
M_O_V_V3,OP_PMT,I,S0010-0,178
M_O_V_V3,OVR_CL,O,S0010-0,180
M_O_V_V3,OVR_INT,O,S0010-0,180
M_O_V_V3,OVR_OP,O,S0010-0,180
M_O_V_V3,PMT_AU,O,S0010-0,180
M_O_V_V3,PMT_CL,O,S0010-0,180
M_O_V_V3,PMT_OP,O,S0010-0,180
M_O_V_V3,POS,I,S0010-0,178
M_O_V_V3,POSFB_P,O,S0010-0,180
M_O_V_V3,POS_ORD,O,S0010-0,180
M_O_V_V3,PWR_FL_TMR,I,S0010-0,179
M_O_V_V3,RDY_CL,I,S0010-0,178
M_O_V_V3,RDY_OP,I,S0010-0,178
M_O_V_V3,REMOTE,I,S0010-0,178
M_O_V_V3,REMOTE_A,O,S0010-0,180
M_O_V_V3,REM_P,O,S0010-0,180
M_O_V_V3,TL_A,O,S0010-0,180
M_O_V_V3,TL_CL,I,S0010-0,178
M_O_V_V3,TL_OP,I,S0010-0,178
M_O_V_V3,TQ_LIM_P,O,S0010-0,180
M_O_V_V3,TRANSIT,I,S0010-0,178
M_O_V_V3,TRANS_P,O,S0010-0,180
M_O_V_V3,TRN_IND,O,S0010-0,180
M_O_V_V3,VOLT_MON_P,O,S0010-0,180
M_O_V_V4,ALARM,O,S0010-0,197
M_O_V_V4,ALARM_RESET,I,S0010-0,195
M_O_V_V4,ANA_OUT_P,O,S0010-0,197
M_O_V_V4,AUTO,O,S0010-0,197
M_O_V_V4,AUTO_P,O,S0010-0,197
M_O_V_V4,AU_CL,I,S0010-0,195
M_O_V_V4,AU_INT,I,S0010-0,195
M_O_V_V4,AU_OP,I,S0010-0,195
M_O_V_V4,AU_PMT,I,S0010-0,195
M_O_V_V4,AU_REQ,O,S0010-0,197
M_O_V_V4,AU_SEL,I,S0010-0,195
M_O_V_V4,AVAIL,I,S0010-0,195
M_O_V_V4,AVAIL_A,O,S0010-0,197
M_O_V_V4,AVAIL_P,O,S0010-0,197
M_O_V_V4,CLOSED,O,S0010-0,197
M_O_V_V4,CL_FLR,O,S0010-0,197
M_O_V_V4,CL_FRC,I,S0010-0,195
M_O_V_V4,CL_INP,I,S0010-0,195
M_O_V_V4,CL_ORD,O,S0010-0,197
M_O_V_V4,CL_OVR,I,S0010-0,195
M_O_V_V4,CL_PMT,I,S0010-0,195
M_O_V_V4,CONGR_A,O,S0010-0,197
M_O_V_V4,CP_F_A,O,S0010-0,197
M_O_V_V4,CP_OK,I,S0010-0,195
M_O_V_V4,CP_OK_P,O,S0010-0,197
M_O_V_V4,CTL,I,S0010-0,196
M_O_V_V4,CTRL_TYPE,I,S0010-0,196
M_O_V_V4,FAULT,O,GEI-100679~M_O_V,101
M_O_V_V4,FAULT_RESET,I,S0010-0~M_O_V,138
M_O_V_V4,FL_CL_A,O,S0010-0,197
M_O_V_V4,FL_CL_T,I,S0010-0,196
M_O_V_V4,FL_INT_A,O,S0010-0,197
M_O_V_V4,FL_I_CT,I,S0010-0,196
M_O_V_V4,FL_I_OT,I,S0010-0,196
M_O_V_V4,FL_OP_A,O,S0010-0,197
M_O_V_V4,FL_OP_T,I,S0010-0,196
M_O_V_V4,FL_TRANS_T,I,S0010-0,196
M_O_V_V4,FRC_CL,O,S0010-0,197
M_O_V_V4,FRC_CLB,O,GEI-100679~M_O_V,101
M_O_V_V4,FRC_INT,O,S0010-0,197
M_O_V_V4,FRC_INTB,O,GEI-100679~M_O_V,101
M_O_V_V4,FRC_OP,O,S0010-0,197
M_O_V_V4,FRC_OPB,O,GEI-100679~M_O_V,101
M_O_V_V4,FUSE_MON_P,O,S0010-0,197
M_O_V_V4,INT,O,S0010-0,197
M_O_V_V4,INT_CMD,O,S0010-0,197
M_O_V_V4,INT_FRC,I,S0010-0,195
M_O_V_V4,INT_OVR,I,S0010-0,195
M_O_V_V4,INT_P,O,GEI-100679~M_O_V,101
M_O_V_V4,INT_PMT,I,S0010-0,195
M_O_V_V4,INT_SENS,I,S0010-0,196
M_O_V_V4,INT_SETP,I,S0010-0,195
M_O_V_V4,INT_ZS,I,S0010-0,195
M_O_V_V4,IO_MON,I,S0010-0,196
M_O_V_V4,IO_OPT,I,S0010-0,196
M_O_V_V4,LOCAL,O,GEI-100679~M_O_V,101
M_O_V_V4,LOCK,O,S0010-0,197
M_O_V_V4,LOCK_P,O,S0010-0,197
M_O_V_V4,MN_REJ,I,S0010-0,195
M_O_V_V4,MN_REJ_A,O,S0010-0,197
M_O_V_V4,MODE,O,S0010-0,197
M_O_V_V4,MODE_OPT,I,S0010-0,196
M_O_V_V4,OPEN,O,S0010-0,197
M_O_V_V4,OP_FLR,O,S0010-0,197
M_O_V_V4,OP_FRC,I,S0010-0,195
M_O_V_V4,OP_INP,I,S0010-0,195
M_O_V_V4,OP_ORD,O,S0010-0,197
M_O_V_V4,OP_OVR,I,S0010-0,195
M_O_V_V4,OP_PMT,I,S0010-0,195
M_O_V_V4,OUT,O,GEI-100679~M_O_V,100
M_O_V_V4,OVR_CL,O,S0010-0,197
M_O_V_V4,OVR_CLB,O,GEI-100679~M_O_V,101
M_O_V_V4,OVR_INT,O,S0010-0,197
M_O_V_V4,OVR_INTB,O,GEI-100679~M_O_V,102
M_O_V_V4,OVR_OP,O,S0010-0,197
M_O_V_V4,OVR_OPB,O,GEI-100679~M_O_V,102
M_O_V_V4,PBSTATE,O,GEI-100679~M_O_V,102
M_O_V_V4,PBSTATE2,O,GEI-100679~M_O_V,102
M_O_V_V4,PMT_AU,O,S0010-0,197
M_O_V_V4,PMT_AUB,O,GEI-100679~M_O_V,102
M_O_V_V4,PMT_CL,O,S0010-0,197
M_O_V_V4,PMT_CLB,O,GEI-100679~M_O_V,102
M_O_V_V4,PMT_INT,O,GEI-100679~M_O_V,102
M_O_V_V4,PMT_INTB,O,GEI-100679~M_O_V,102
M_O_V_V4,PMT_OP,O,S0010-0,197
M_O_V_V4,PMT_OPB,O,GEI-100679~M_O_V,102
M_O_V_V4,POS,I,S0010-0,195
M_O_V_V4,POSFB_P,O,S0010-0,197
M_O_V_V4,POS_ORD,O,S0010-0,197
M_O_V_V4,PWR_FL_TMR,I,S0010-0,196
M_O_V_V4,RDY_CL,I,S0010-0,195
M_O_V_V4,RDY_OP,I,S0010-0,195
M_O_V_V4,REJ_MN,O,GEI-100679~M_O_V,102
M_O_V_V4,REJ_MNB,O,GEI-100679~M_O_V,102
M_O_V_V4,REMOTE,I,S0010-0,195
M_O_V_V4,REMOTE_A,O,S0010-0,197
M_O_V_V4,REM_P,O,S0010-0,197
M_O_V_V4,TL_A,O,S0010-0,197
M_O_V_V4,TL_CL,I,S0010-0,195
M_O_V_V4,TL_OP,I,S0010-0,195
M_O_V_V4,TQ_LIM_P,O,S0010-0,197
M_O_V_V4,TRANSIT,I,S0010-0,195
M_O_V_V4,TRANS_P,O,S0010-0,197
M_O_V_V4,TRN_IND,O,S0010-0,197
M_O_V_V4,VOLT_MON_P,O,S0010-0,197
NANCHECK,ENABLE,I,S0014-B,200
NANCHECK,INFIN,O,S0014-B,200
NANCHECK,Q_NAN,O,S0014-B,200
NANCHECK,RESET,I,S0014-B,200
NANCHECK,SRC,I,S0014-B,200
NANCHECK,S_NAN,O,S0014-B,200
NAND,IN1,I,S0014-B,149
NAND,IN10,I,S0014-B,149
NAND,IN11,I,S0014-B,149
NAND,IN12,I,S0014-B,149
NAND,IN13,I,S0014-B,149
NAND,IN14,I,S0014-B,149
NAND,IN15,I,S0014-B,149
NAND,IN16,I,S0014-B,149
NAND,IN17,I,S0014-B,149
NAND,IN18,I,S0014-B,149
NAND,IN19,I,S0014-B,149
NAND,IN2,I,S0014-B,149
NAND,IN20,I,S0014-B,149
NAND,IN21,I,S0014-B,149
NAND,IN22,I,S0014-B,149
NAND,IN23,I,S0014-B,149
NAND,IN24,I,S0014-B,149
NAND,IN25,I,S0014-B,149
NAND,IN26,I,S0014-B,149
NAND,IN27,I,S0014-B,149
NAND,IN28,I,S0014-B,149
NAND,IN29,I,S0014-B,149
NAND,IN3,I,S0014-B,149
NAND,IN30,I,S0014-B,149
NAND,IN31,I,S0014-B,149
NAND,IN32,I,S0014-B,149
NAND,IN4,I,S0014-B,149
NAND,IN5,I,S0014-B,149
NAND,IN6,I,S0014-B,149
NAND,IN7,I,S0014-B,149
NAND,IN8,I,S0014-B,149
NAND,IN9,I,S0014-B,149
NAND,OUT,O,S0014-B,149
NAN_BREAKER,INPUT,I,S0014-B,199
NAN_BREAKER,INP_IS_NAN,O,S0014-B,199
NAN_BREAKER,LGVALUE,S,S0014-B,199
NAN_BREAKER,OUTPUT,O,S0014-B,199
NE,HYST,I,S0014-B,203
NE,IN1,I,S0014-B,203
NE,IN2,I,S0014-B,203
NE,OUT,O,S0014-B,203
NE,SENS,I,S0014-B,203
NEGATE,IN,I,S0014-B,201
NEGATE,OUT,O,S0014-B,201
NOR,IN1,I,S0014-B,150
NOR,IN10,I,S0014-B,150
NOR,IN11,I,S0014-B,150
NOR,IN12,I,S0014-B,150
NOR,IN13,I,S0014-B,150
NOR,IN14,I,S0014-B,150
NOR,IN15,I,S0014-B,150
NOR,IN16,I,S0014-B,150
NOR,IN17,I,S0014-B,150
NOR,IN18,I,S0014-B,150
NOR,IN19,I,S0014-B,150
NOR,IN2,I,S0014-B,150
NOR,IN20,I,S0014-B,150
NOR,IN21,I,S0014-B,150
NOR,IN22,I,S0014-B,150
NOR,IN23,I,S0014-B,150
NOR,IN24,I,S0014-B,150
NOR,IN25,I,S0014-B,150
NOR,IN26,I,S0014-B,150
NOR,IN27,I,S0014-B,150
NOR,IN28,I,S0014-B,150
NOR,IN29,I,S0014-B,150
NOR,IN3,I,S0014-B,150
NOR,IN30,I,S0014-B,150
NOR,IN31,I,S0014-B,150
NOR,IN32,I,S0014-B,150
NOR,IN4,I,S0014-B,150
NOR,IN5,I,S0014-B,150
NOR,IN6,I,S0014-B,150
NOR,IN7,I,S0014-B,150
NOR,IN8,I,S0014-B,150
NOR,IN9,I,S0014-B,150
NOR,OUT,O,S0014-B,150
NOT,A,I,S0014-B,151
NOT,NOT_A,O,S0014-B,151
NOT,OUT_A,O,S0014-B,151
ON_OFF_DELAY,DO_DEL,I,S0014-B,204
ON_OFF_DELAY,IN,I,S0014-B,204
ON_OFF_DELAY,OUT,O,S0014-B,204
ON_OFF_DELAY,PU_DEL,I,S0014-B,204
OR,IN1,I,S0014-B,152
OR,IN10,I,S0014-B,152
OR,IN11,I,S0014-B,152
OR,IN12,I,S0014-B,152
OR,IN13,I,S0014-B,152
OR,IN14,I,S0014-B,152
OR,IN15,I,S0014-B,152
OR,IN16,I,S0014-B,152
OR,IN17,I,S0014-B,152
OR,IN18,I,S0014-B,152
OR,IN19,I,S0014-B,152
OR,IN2,I,S0014-B,152
OR,IN20,I,S0014-B,152
OR,IN21,I,S0014-B,152
OR,IN22,I,S0014-B,152
OR,IN23,I,S0014-B,152
OR,IN24,I,S0014-B,152
OR,IN25,I,S0014-B,152
OR,IN26,I,S0014-B,152
OR,IN27,I,S0014-B,152
OR,IN28,I,S0014-B,152
OR,IN29,I,S0014-B,152
OR,IN3,I,S0014-B,152
OR,IN30,I,S0014-B,152
OR,IN31,I,S0014-B,152
OR,IN32,I,S0014-B,152
OR,IN4,I,S0014-B,152
OR,IN5,I,S0014-B,152
OR,IN6,I,S0014-B,152
OR,IN7,I,S0014-B,152
OR,IN8,I,S0014-B,152
OR,IN9,I,S0014-B,152
OR,OUT,O,S0014-B,152
OVERRIDE,FO,O,GEI-100679,168
OVERRIDE,FO_EN,I,GEI-100679,167
OVERRIDE,OUT,O,GEI-100679,168
OVERRIDE,OV,O,GEI-100679,168
OVERRIDE,OV1,I,GEI-100679,167
OVERRIDE,OV1B,I,GEI-100679,167
OVERRIDE,OV1BE,I,GEI-100679,167
OVERRIDE,OV32,I,S0010-0,327
OVERRIDE,OV32B,I,S0010-0,327
OVERRIDE,OVB,O,GEI-100679,168
OVERRIDE,RESET,I,S0010-0,327
OVR_ST,AO_BQ,I,GEI-100679,178
OVR_ST,AUTO,O,GEI-100679,179
OVR_ST,AU_SEL,I,GEI-100679,178
OVR_ST,BLOCK_OPT,I,GEI-100679,178
OVR_ST,CMD_FRC,I,GEI-100679,178
OVR_ST,CMD_OVR,I,GEI-100679,178
OVR_ST,CVI1,I,GEI-100679,178
OVR_ST,CVI1_BQ,O,GEI-100679,179
OVR_ST,CVI2,I,GEI-100679,178
OVR_ST,CVI2_BQ,O,GEI-100679,179
OVR_ST,CVO,O,GEI-100679,179
OVR_ST,FV,I,GEI-100679,178
OVR_ST,H,I,GEI-100679,178
OVR_ST,INH_DEC,I,GEI-100679,178
OVR_ST,INH_INC,I,GEI-100679,178
OVR_ST,L,I,GEI-100679,178
OVR_ST,LOCK_PB,I,GEI-100679,178
OVR_ST,LOCK_SC,I,GEI-100679,178
OVR_ST,MC,I,GEI-100679,178
OVR_ST,MJ,I,GEI-100679,178
OVR_ST,MODE_OPT,I,GEI-100679,178
OVR_ST,MR,I,GEI-100679,178
OVR_ST,MS,I,GEI-100679,178
OVR_ST,OUT,O,GEI-100679,179
OVR_ST,OV,I,GEI-100679,178
OVR_ST,OVR_CMDB,O,GEI-100679,180
OVR_ST,POS,I,GEI-100679,178
OVR_ST,POSFB_P,O,GEI-100679,180
OVR_ST,POS_BQ,O,GEI-100679,180
OVR_ST,POS_DH,O,GEI-100679,180
OVR_ST,POS_DH_SP,I,GEI-100679,178
OVR_ST,POS_DH_T,I,GEI-100679,178
OVR_ST,PR_DEC,I,GEI-100679,178
OVR_ST,PR_DEC_RT,I,GEI-100679,178
OVR_ST,PR_INC,I,GEI-100679,178
OVR_ST,PR_INC_RT,I,GEI-100679,178
OVR_ST,REJ_MN,O,GEI-100679,180
OVR_ST,REJ_MNB,O,GEI-100679,180
OVR_ST,SEL1,I,GEI-100679,179
OVR_ST,SEL2,I,GEI-100679,179
OVR_ST,TK,O,GEI-100679,180
OVR_ST,TUN1,I,GEI-100679,179
OVR_ST,TUN2,I,GEI-100679,179
OVR_ST,UNLOCK_PB,I,GEI-100679,179
OVR_ST_ENH,3_INPUT_P,O,S0010-0,355
OVR_ST_ENH,AUTO,O,S0010-0,355
OVR_ST_ENH,AU_PMT,I,S0010-0,353
OVR_ST_ENH,AU_SEL,I,S0010-0,353
OVR_ST_ENH,BKCAL_IN_CV,I,S0010-0,353
OVR_ST_ENH,BKCAL_IN_SV,I,S0010-0,353
OVR_ST_ENH,BLOCK_OPT,I,S0010-0,353
OVR_ST_ENH,BQ_MAN,I,S0010-0,353
OVR_ST_ENH,CASC_IN1,I,S0010-0,353
OVR_ST_ENH,CASC_IN2,I,S0010-0,353
OVR_ST_ENH,CASC_IN3,I,S0010-0,353
OVR_ST_ENH,CHAR_P,O,S0010-0,355
OVR_ST_ENH,CMD_FRC,I,S0010-0,353
OVR_ST_ENH,CMD_OVR,I,S0010-0,353
OVR_ST_ENH,CMD_TK,I,S0010-0,353
OVR_ST_ENH,CTL,I,S0010-0,353
OVR_ST_ENH,CV,O,S0010-0,355
OVR_ST_ENH,CVI1,I,S0010-0,353
OVR_ST_ENH,CVI1_BQ,O,S0010-0,355
OVR_ST_ENH,CVI1_OV,O,S0010-0,355
OVR_ST_ENH,CVI2,I,S0010-0,353
OVR_ST_ENH,CVI2_BQ,O,S0010-0,355
OVR_ST_ENH,CVI2_OV,O,S0010-0,355
OVR_ST_ENH,CVI3,I,S0010-0,353
OVR_ST_ENH,CVI3_BQ,O,S0010-0,355
OVR_ST_ENH,CVI3_OV,O,S0010-0,355
OVR_ST_ENH,CVO,O,S0010-0,355
OVR_ST_ENH,CV_L,I,S0010-0,353
OVR_ST_ENH,CV_MN,I,S0010-0,353
OVR_ST_ENH,CV_R,I,S0010-0,353
OVR_ST_ENH,CV_X,I,S0010-0,353
OVR_ST_ENH,CV_Y,I,S0010-0,353
OVR_ST_ENH,DEC_INH,O,S0010-0,355
OVR_ST_ENH,EN_PROC_LIM_HIGH,I,S0010-0,353
OVR_ST_ENH,EN_PROC_LIM_LOW,I,S0010-0,353
OVR_ST_ENH,FRC_CMD,O,S0010-0,355
OVR_ST_ENH,FRC_CMDB,O,S0010-0,355
OVR_ST_ENH,FV,I,S0010-0,353
OVR_ST_ENH,H,I,S0010-0,353
OVR_ST_ENH,INC_INH,O,S0010-0,355
OVR_ST_ENH,INH_DEC,I,S0010-0,353
OVR_ST_ENH,INH_INC,I,S0010-0,353
OVR_ST_ENH,INIT_POS,I,S0010-0,353
OVR_ST_ENH,L,I,S0010-0,353
OVR_ST_ENH,LOCK,O,S0010-0,355
OVR_ST_ENH,LOCK_P,O,S0010-0,355
OVR_ST_ENH,LS,O,S0010-0,355
OVR_ST_ENH,MC,I,S0010-0,353
OVR_ST_ENH,MN_REJ,I,S0010-0,354
OVR_ST_ENH,MN_REJ_A,O,S0010-0,355
OVR_ST_ENH,MODE_OPT,I,S0010-0,354
OVR_ST_ENH,MOD_PMT,I,S0010-0,354
OVR_ST_ENH,MR,I,S0010-0,354
OVR_ST_ENH,NSEL1,O,S0010-0,355
OVR_ST_ENH,NSEL2,O,S0010-0,355
OVR_ST_ENH,NSEL3,O,S0010-0,355
OVR_ST_ENH,OBQ,O,S0010-0,355
OVR_ST_ENH,OUT,O,S0010-0,355
OVR_ST_ENH,OV,I,S0010-0,354
OVR_ST_ENH,OVR_CMD,O,S0010-0,355
OVR_ST_ENH,OVR_CMDB,O,S0010-0,355
OVR_ST_ENH,OVR_CTRL1,O,S0010-0,355
OVR_ST_ENH,OVR_CTRL2,O,S0010-0,355
OVR_ST_ENH,OVR_CTRL3,O,S0010-0,355
OVR_ST_ENH,OVR_ST_EXT_P,O,S0010-0,355
OVR_ST_ENH,OVR_ST_P,O,S0010-0,355
OVR_ST_ENH,OVR_ST_REM_P,O,S0010-0,355
OVR_ST_ENH,PMT_AU,O,S0010-0,355
OVR_ST_ENH,PMT_AUB,O,S0010-0,355
OVR_ST_ENH,PMT_MOD,O,S0010-0,355
OVR_ST_ENH,PMT_MODB,O,S0010-0,355
OVR_ST_ENH,POSFB_P,O,S0010-0,356
OVR_ST_ENH,POS_CV,I,S0010-0,354
OVR_ST_ENH,POS_CV_BQ,O,S0010-0,355
OVR_ST_ENH,POS_CV_DH,O,S0010-0,355
OVR_ST_ENH,POS_DH_SP,I,S0010-0,354
OVR_ST_ENH,POS_DH_T,I,S0010-0,354
OVR_ST_ENH,POS_SV,I,S0010-0,354
OVR_ST_ENH,POS_SV_BQ,O,S0010-0,355
OVR_ST_ENH,POS_SV_DH,O,S0010-0,356
OVR_ST_ENH,PROC_LIM_HIGH,I,S0010-0,354
OVR_ST_ENH,PROC_LIM_LOW,I,S0010-0,354
OVR_ST_ENH,PR_DEC,I,S0010-0,354
OVR_ST_ENH,PR_DEC_RT,I,S0010-0,354
OVR_ST_ENH,PR_INC,I,S0010-0,354
OVR_ST_ENH,PR_INC_RT,I,S0010-0,354
OVR_ST_ENH,PV,I,S0010-0,354
OVR_ST_ENH,REJ_MN,O,S0010-0,356
OVR_ST_ENH,REJ_MNB,O,S0010-0,356
OVR_ST_ENH,RS,O,S0010-0,356
OVR_ST_ENH,RSP,I,S0010-0,354
OVR_ST_ENH,RSP_BQ,O,S0010-0,356
OVR_ST_ENH,RSP_SEL,I,S0010-0,354
OVR_ST_ENH,SC,I,S0010-0,354
OVR_ST_ENH,SEL1,I,S0010-0,354
OVR_ST_ENH,SEL2,I,S0010-0,354
OVR_ST_ENH,SEL3,I,S0010-0,354
OVR_ST_ENH,SH,I,S0010-0,354
OVR_ST_ENH,SI,O,S0010-0,356
OVR_ST_ENH,SL,I,S0010-0,354
OVR_ST_ENH,SP,O,S0010-0,356
OVR_ST_ENH,SPLIT_P,O,S0010-0,356
OVR_ST_ENH,SP_TRACK,I,S0010-0,354
OVR_ST_ENH,SR,I,S0010-0,354
OVR_ST_ENH,STATION_OPT,I,S0010-0,354
OVR_ST_ENH,SV,O,S0010-0,356
OVR_ST_ENH,SV_L,I,S0010-0,354
OVR_ST_ENH,SV_MN,I,S0010-0,354
OVR_ST_ENH,SV_R,I,S0010-0,354
OVR_ST_ENH,SV_X,I,S0010-0,354
OVR_ST_ENH,SV_Y,I,S0010-0,354
OVR_ST_ENH,TK_CMDB,O,S0010-0,356
OVR_ST_ENH,TK_OUT,O,S0010-0,356
OVR_ST_ENH,TUN1,O,S0010-0,356
OVR_ST_ENH,TUN2,O,S0010-0,356
OVR_ST_ENH,TUN3,O,S0010-0,356
OVR_ST_ENH,US,O,S0010-0,356
OVR_ST_ENH_V2,3_INPUT_P,O,S0010-0,389
OVR_ST_ENH_V2,AUTO,O,S0010-0,389
OVR_ST_ENH_V2,AU_PMT,I,S0010-0,387
OVR_ST_ENH_V2,AU_SEL,I,S0010-0,387
OVR_ST_ENH_V2,BKCAL_IN_CV,I,S0010-0,387
OVR_ST_ENH_V2,BKCAL_IN_SV,I,S0010-0,387
OVR_ST_ENH_V2,BLOCK_OPT,I,S0010-0,387
OVR_ST_ENH_V2,BQ_MAN,I,S0010-0,387
OVR_ST_ENH_V2,CASC_IN1,I,S0010-0,387
OVR_ST_ENH_V2,CASC_IN2,I,S0010-0,387
OVR_ST_ENH_V2,CASC_IN3,I,S0010-0,387
OVR_ST_ENH_V2,CHAR_P,O,S0010-0,389
OVR_ST_ENH_V2,CMD_FRC,I,S0010-0,387
OVR_ST_ENH_V2,CMD_OVR,I,S0010-0,387
OVR_ST_ENH_V2,CMD_TK,I,S0010-0,387
OVR_ST_ENH_V2,CTL,I,S0010-0,387
OVR_ST_ENH_V2,CV,O,S0010-0,389
OVR_ST_ENH_V2,CVI1,I,S0010-0,387
OVR_ST_ENH_V2,CVI1_BQ,O,S0010-0,389
OVR_ST_ENH_V2,CVI1_OV,O,S0010-0,389
OVR_ST_ENH_V2,CVI2,I,S0010-0,387
OVR_ST_ENH_V2,CVI2_BQ,O,S0010-0,389
OVR_ST_ENH_V2,CVI2_OV,O,S0010-0,389
OVR_ST_ENH_V2,CVI3,I,S0010-0,387
OVR_ST_ENH_V2,CVI3_BQ,O,S0010-0,389
OVR_ST_ENH_V2,CVI3_OV,O,S0010-0,389
OVR_ST_ENH_V2,CVO,O,S0010-0,389
OVR_ST_ENH_V2,CV_L,I,S0010-0,387
OVR_ST_ENH_V2,CV_MN,I,S0010-0,387
OVR_ST_ENH_V2,CV_R,I,S0010-0,387
OVR_ST_ENH_V2,CV_X,I,S0010-0,387
OVR_ST_ENH_V2,CV_Y,I,S0010-0,387
OVR_ST_ENH_V2,DEC_INH,O,S0010-0,389
OVR_ST_ENH_V2,EN_PROC_LIM_HIGH,I,S0010-0,387
OVR_ST_ENH_V2,EN_PROC_LIM_LOW,I,S0010-0,387
OVR_ST_ENH_V2,FRC_CMD,O,S0010-0,389
OVR_ST_ENH_V2,FRC_CMDB,O,S0010-0,389
OVR_ST_ENH_V2,FV,I,S0010-0,387
OVR_ST_ENH_V2,H,I,S0010-0,387
OVR_ST_ENH_V2,INC_INH,O,S0010-0,389
OVR_ST_ENH_V2,INH_DEC,I,S0010-0,387
OVR_ST_ENH_V2,INH_INC,I,S0010-0,387
OVR_ST_ENH_V2,INIT_POS,I,S0010-0,387
OVR_ST_ENH_V2,L,I,S0010-0,387
OVR_ST_ENH_V2,LOCK,O,S0010-0,389
OVR_ST_ENH_V2,LOCK_P,O,S0010-0,389
OVR_ST_ENH_V2,LS,O,S0010-0,389
OVR_ST_ENH_V2,MC,I,S0010-0,387
OVR_ST_ENH_V2,MN_REJ,I,S0010-0,387
OVR_ST_ENH_V2,MN_REJ_A,O,S0010-0,389
OVR_ST_ENH_V2,MODE_OPT,I,S0010-0,388
OVR_ST_ENH_V2,MOD_PMT,I,S0010-0,388
OVR_ST_ENH_V2,MR,I,S0010-0,388
OVR_ST_ENH_V2,NSEL1,O,S0010-0,389
OVR_ST_ENH_V2,NSEL2,O,S0010-0,389
OVR_ST_ENH_V2,NSEL3,O,S0010-0,389
OVR_ST_ENH_V2,OBQ,O,S0010-0,389
OVR_ST_ENH_V2,OUT,O,S0010-0,389
OVR_ST_ENH_V2,OV,I,S0010-0,388
OVR_ST_ENH_V2,OVR_CMD,O,S0010-0,389
OVR_ST_ENH_V2,OVR_CMDB,O,S0010-0,389
OVR_ST_ENH_V2,OVR_CTRL1,O,S0010-0,389
OVR_ST_ENH_V2,OVR_CTRL2,O,S0010-0,389
OVR_ST_ENH_V2,OVR_CTRL3,O,S0010-0,389
OVR_ST_ENH_V2,OVR_ST_EXT_P,O,S0010-0,389
OVR_ST_ENH_V2,OVR_ST_P,O,S0010-0,389
OVR_ST_ENH_V2,OVR_ST_REM_P,O,S0010-0,389
OVR_ST_ENH_V2,PMT_AU,O,S0010-0,389
OVR_ST_ENH_V2,PMT_AUB,O,S0010-0,389
OVR_ST_ENH_V2,PMT_MOD,O,S0010-0,389
OVR_ST_ENH_V2,PMT_MODB,O,S0010-0,389
OVR_ST_ENH_V2,POSFB_P,O,S0010-0,389
OVR_ST_ENH_V2,POS_CV,I,S0010-0,388
OVR_ST_ENH_V2,POS_CV_BQ,O,S0010-0,389
OVR_ST_ENH_V2,POS_CV_DH,O,S0010-0,389
OVR_ST_ENH_V2,POS_DH_SP,I,S0010-0,388
OVR_ST_ENH_V2,POS_DH_T,I,S0010-0,388
OVR_ST_ENH_V2,POS_SV,I,S0010-0,388
OVR_ST_ENH_V2,POS_SV_BQ,O,S0010-0,389
OVR_ST_ENH_V2,POS_SV_DH,O,S0010-0,389
OVR_ST_ENH_V2,PROC_LIM_HIGH,I,S0010-0,388
OVR_ST_ENH_V2,PROC_LIM_LOW,I,S0010-0,388
OVR_ST_ENH_V2,PR_DEC,I,S0010-0,388
OVR_ST_ENH_V2,PR_DEC_RT,I,S0010-0,388
OVR_ST_ENH_V2,PR_INC,I,S0010-0,388
OVR_ST_ENH_V2,PR_INC_RT,I,S0010-0,388
OVR_ST_ENH_V2,PV,I,S0010-0,388
OVR_ST_ENH_V2,REJ_MN,O,S0010-0,389
OVR_ST_ENH_V2,REJ_MNB,O,S0010-0,389
OVR_ST_ENH_V2,RS,O,S0010-0,389
OVR_ST_ENH_V2,RSP,I,S0010-0,388
OVR_ST_ENH_V2,RSP_BQ,O,S0010-0,389
OVR_ST_ENH_V2,RSP_SEL,I,S0010-0,388
OVR_ST_ENH_V2,SC,I,S0010-0,388
OVR_ST_ENH_V2,SEL1,I,S0010-0,388
OVR_ST_ENH_V2,SEL2,I,S0010-0,388
OVR_ST_ENH_V2,SEL3,I,S0010-0,388
OVR_ST_ENH_V2,SH,I,S0010-0,388
OVR_ST_ENH_V2,SI,O,S0010-0,390
OVR_ST_ENH_V2,SL,I,S0010-0,388
OVR_ST_ENH_V2,SP,O,S0010-0,390
OVR_ST_ENH_V2,SPLIT_P,O,S0010-0,390
OVR_ST_ENH_V2,SP_TRACK,I,S0010-0,388
OVR_ST_ENH_V2,SR,I,S0010-0,388
OVR_ST_ENH_V2,STATION_OPT,I,S0010-0,388
OVR_ST_ENH_V2,SV,O,S0010-0,390
OVR_ST_ENH_V2,SV_L,I,S0010-0,388
OVR_ST_ENH_V2,SV_MN,I,S0010-0,388
OVR_ST_ENH_V2,SV_R,I,S0010-0,388
OVR_ST_ENH_V2,SV_X,I,S0010-0,388
OVR_ST_ENH_V2,SV_Y,I,S0010-0,388
OVR_ST_ENH_V2,TK_CMDB,O,S0010-0,390
OVR_ST_ENH_V2,TK_OUT,O,S0010-0,390
OVR_ST_ENH_V2,TUN1,O,S0010-0,390
OVR_ST_ENH_V2,TUN2,O,S0010-0,390
OVR_ST_ENH_V2,TUN3,O,S0010-0,390
OVR_ST_ENH_V2,US,O,S0010-0,390
PARITY_CHK,ENABLE,I,S0014-B,205
PARITY_CHK,EVEN,O,S0014-B,205
PARITY_CHK,INPUT,I,S0014-B,205
PARITY_CHK,ODD,O,S0014-B,205
PERMIT,OUT,O,GEI-100679,186
PERMIT,PM,O,GEI-100679,186
PERMIT,PM1,I,GEI-100679,185
PERMIT,PM1B,I,GEI-100679,185
PERMIT,PM1BE,I,GEI-100679,185
PERMIT,PM32,I,S0010-0,400
PERMIT,PM32B,I,S0010-0,400
PERMIT,PM32BE,I,S0010-0,400
PERMIT,PMB,O,GEI-100679,186
PID,CTL_VAR,I,S0014-B,221
PID,DSRC,I,S0014-B,221
PID,D_ACT,I,S0014-B,221
PID,ERROR,O,S0014-B,221
PID,HALM,O,S0014-B,221
PID,INTEG1,O,S0014-B,221
PID,KD,I,S0014-B,221
PID,KI,I,S0014-B,221
PID,KIPROP1,O,S0014-B,221
PID,KP,I,S0014-B,221
PID,LALM,O,S0014-B,221
PID,MAXOUT,I,S0014-B,221
PID,MINOUT,I,S0014-B,221
PID,MODE,I,S0014-B,221
PID,MSTATE,O,S0014-B,221
PID,OFFSET,I,S0014-B,221
PID,OUT,O,S0014-B,221
PID,SETPT,I,S0014-B,221
PID,S_DSRC1,O,S0014-B,221
PID,S_DSRC2,O,S0014-B,221
PID,S_OUT1,O,S0014-B,221
PID_MA,AO_BQ,I,GEI-100679,216
PID_MA,AUTO,O,GEI-100679,219
PID_MA,AU_SEL,I,GEI-100679,216
PID_MA,BLOCK_OPT,I,GEI-100679,216
PID_MA,CMD_FRC,I,GEI-100679,216
PID_MA,CMD_OVR,I,GEI-100679,216
PID_MA,CTRL_ACT,I,GEI-100679,216
PID_MA,CTRL_TYPE,I,GEI-100679,216
PID_MA,CVI,I,GEI-100679,216
PID_MA,CVI_BQ,O,GEI-100679,219
PID_MA,CVO,O,GEI-100679,219
PID_MA,DG,I,GEI-100679,216
PID_MA,ER,I,GEI-100679,216
PID_MA,ERR_C,I,GEI-100679,216
PID_MA,ERR_CDB,I,GEI-100679,216
PID_MA,EV,I,GEI-100679,216
PID_MA,EV_BQ,O,GEI-100679,219
PID_MA,FF,I,GEI-100679,216
PID_MA,FRC_CMD,O,GEI-100679,219
PID_MA,FRC_CMDB,O,GEI-100679,219
PID_MA,FV,I,GEI-100679,216
PID_MA,H,I,GEI-100679,217
PID_MA,IG,I,GEI-100679,217
PID_MA,IG_C,I,GEI-100679,217
PID_MA,IG_CDB,I,GEI-100679,217
PID_MA,INH_DEC,I,GEI-100679,217
PID_MA,INH_INC,I,GEI-100679,217
PID_MA,INH_PDG,I,GEI-100679,217
PID_MA,L,I,GEI-100679,217
PID_MA,LOCK,O,GEI-100679,219
PID_MA,LOCK_P,O,GEI-100679,219
PID_MA,LOCK_PB,I,GEI-100679,217
PID_MA,LOCK_SC,I,GEI-100679,217
PID_MA,LS,O,GEI-100679,219
PID_MA,MA_EXT_P,O,GEI-100679,219
PID_MA,MA_MAN_P,O,GEI-100679,219
PID_MA,MA_P,O,GEI-100679,219
PID_MA,MA_REM_P,O,GEI-100679,219
PID_MA,MC,I,GEI-100679,217
PID_MA,MJ,I,GEI-100679,217
PID_MA,MN_REJ_A,O,GEI-100679,219
PID_MA,MODE_OPT,I,GEI-100679,217
PID_MA,MR,I,GEI-100679,217
PID_MA,MS,I,GEI-100679,217
PID_MA,OBQ,O,GEI-100679,219
PID_MA,OUT,O,GEI-100679,219
PID_MA,OV,I,GEI-100679,217
PID_MA,OVR_CMD,O,GEI-100679,219
PID_MA,OVR_CMDB,O,GEI-100679,219
PID_MA,OVR_CTRL,I,GEI-100679,217
PID_MA,OVR_CTRL_P,O,GEI-100679,219
PID_MA,PG,I,GEI-100679,217
PID_MA,PG_C,I,GEI-100679,217
PID_MA,PG_CDB,I,GEI-100679,217
PID_MA,PID_MA_EXT_C_P,O,GEI-100679,219
PID_MA,PID_MA_EXT_P,O,GEI-100679,219
PID_MA,PID_MA_P,O,GEI-100679,220
PID_MA,PID_MA_REM_C_P,O,GEI-100679,220
PID_MA,PID_MA_REM_P,O,GEI-100679,220
PID_MA,PID_P,O,GEI-100679,220
PID_MA,POS,I,GEI-100679,218
PID_MA,POSFB_P,O,GEI-100679,220
PID_MA,POS_BQ,O,GEI-100679,220
PID_MA,POS_DH,O,GEI-100679,220
PID_MA,POS_DH_SP,I,GEI-100679,218
PID_MA,POS_DH_T,I,GEI-100679,218
PID_MA,PR_DEC,I,GEI-100679,218
PID_MA,PR_DEC_RT,I,GEI-100679,218
PID_MA,PR_INC,I,GEI-100679,218
PID_MA,PR_INC_RT,I,GEI-100679,218
PID_MA,PV,I,GEI-100679,218
PID_MA,PV_BQ,O,GEI-100679,220
PID_MA,PV_SP_LIM_TRK,I,GEI-100679,218
PID_MA,REJ_MN,O,GEI-100679,220
PID_MA,REJ_MNB,O,GEI-100679,220
PID_MA,RS,I,GEI-100679,218
PID_MA,RSP,I,GEI-100679,218
PID_MA,RSP_BQ,O,GEI-100679,220
PID_MA,RSP_OV,O,GEI-100679,220
PID_MA,RSP_SR_DSBL,I,GEI-100679,218
PID_MA,SC,I,GEI-100679,218
PID_MA,SF,I,GEI-100679,218
PID_MA,SH,I,GEI-100679,218
PID_MA,SL,I,GEI-100679,218
PID_MA,SP,O,GEI-100679,220
PID_MA,SP_TRACK,I,GEI-100679,218
PID_MA,SQR_ERR,I,GEI-100679,218
PID_MA,SR,I,GEI-100679,218
PID_MA,TK,I,GEI-100679,218
PID_MA,TK_OUT,O,GEI-100679,220
PID_MA,TUN,I,GEI-100679,218
PID_MA,TUN_OUT,O,GEI-100679,220
PID_MA,TV,I,GEI-100679,218
PID_MA,TV_BQ,O,GEI-100679,220
PID_MA,UNLOCK_PB,I,GEI-100679,219
PID_MA,US,O,GEI-100679,220
PID_MA_ENH,AUTO,O,S0010-0,444
PID_MA_ENH,AU_PMT,I,S0010-0,441
PID_MA_ENH,AU_SEL,I,S0010-0,441
PID_MA_ENH,BKCAL_IN_CV,I,S0010-0,441
PID_MA_ENH,BKCAL_IN_SV,I,S0010-0,441
PID_MA_ENH,BLOCK_OPT,I,S0010-0,441
PID_MA_ENH,BQ_MAN,I,S0010-0,441
PID_MA_ENH,CASC_IN,I,S0010-0,441
PID_MA_ENH,CASC_OUT,O,S0010-0,444
PID_MA_ENH,CHAR_P,O,S0010-0,444
PID_MA_ENH,CMD_FRC,I,S0010-0,441
PID_MA_ENH,CMD_OVR,I,S0010-0,441
PID_MA_ENH,CMD_TK,I,S0010-0,441
PID_MA_ENH,CTL,I,S0010-0,441
PID_MA_ENH,CTRL_ACT,I,S0010-0,441
PID_MA_ENH,CV,O,S0010-0,444
PID_MA_ENH,CVI,I,S0010-0,441
PID_MA_ENH,CVI_BQ,O,S0010-0,444
PID_MA_ENH,CVO,O,S0010-0,444
PID_MA_ENH,CV_L,I,S0010-0,441
PID_MA_ENH,CV_MN,I,S0010-0,441
PID_MA_ENH,CV_R,I,S0010-0,441
PID_MA_ENH,CV_X,I,S0010-0,441
PID_MA_ENH,CV_Y,I,S0010-0,441
PID_MA_ENH,DEC_INH,O,S0010-0,444
PID_MA_ENH,DG,I,S0010-0,441
PID_MA_ENH,EN_PROC_LIM_HIGH,I,S0010-0,441
PID_MA_ENH,EN_PROC_LIM_LOW,I,S0010-0,441
PID_MA_ENH,ER,I,S0010-0,441
PID_MA_ENH,ERR_C,I,S0010-0,441
PID_MA_ENH,ERR_CDB,I,S0010-0,441
PID_MA_ENH,ER_OUT,O,S0010-0,444
PID_MA_ENH,EV,I,S0010-0,441
PID_MA_ENH,EV_BQ,O,S0010-0,444
PID_MA_ENH,FF,I,S0010-0,441
PID_MA_ENH,FFWD_BQ,O,S0010-0,444
PID_MA_ENH,FRC_CMD,O,S0010-0,444
PID_MA_ENH,FRC_CMDB,O,S0010-0,444
PID_MA_ENH,FV,I,S0010-0,441
PID_MA_ENH,H,I,S0010-0,441
PID_MA_ENH,IG,I,S0010-0,441
PID_MA_ENH,IG_C,I,S0010-0,441
PID_MA_ENH,IG_CDB,I,S0010-0,441
PID_MA_ENH,INC_INH,O,S0010-0,444
PID_MA_ENH,INH_DEC,I,S0010-0,442
PID_MA_ENH,INH_INC,I,S0010-0,442
PID_MA_ENH,INH_PDG,I,S0010-0,442
PID_MA_ENH,INH_PDG_CDB,I,S0010-0,442
PID_MA_ENH,INIT_POS,I,S0010-0,442
PID_MA_ENH,L,I,S0010-0,442
PID_MA_ENH,LOCK,O,S0010-0,445
PID_MA_ENH,LOCK_P,O,S0010-0,444
PID_MA_ENH,LS,O,S0010-0,444
PID_MA_ENH,MA_EXT_P,O,S0010-0,444
PID_MA_ENH,MA_MAN_P,O,S0010-0,444
PID_MA_ENH,MA_P,O,S0010-0,444
PID_MA_ENH,MA_REM_P,O,S0010-0,444
PID_MA_ENH,MC,I,S0010-0,442
PID_MA_ENH,MN_REJ,I,S0010-0,442
PID_MA_ENH,MN_REJ_A,O,S0010-0,444
PID_MA_ENH,MODE_OPT,I,S0010-0,442
PID_MA_ENH,MOD_PMT,I,S0010-0,442
PID_MA_ENH,MR,I,S0010-0,442
PID_MA_ENH,OBQ,O,S0010-0,444
PID_MA_ENH,OUT,O,S0010-0,444
PID_MA_ENH,OV,I,S0010-0,442
PID_MA_ENH,OVRST_SEL,O,S0010-0,444
PID_MA_ENH,OVR_CMD,O,S0010-0,444
PID_MA_ENH,OVR_CMDB,O,S0010-0,444
PID_MA_ENH,OVR_CTRL,I,S0010-0,442
PID_MA_ENH,PG,I,S0010-0,442
PID_MA_ENH,PG_C,I,S0010-0,442
PID_MA_ENH,PG_CDB,I,S0010-0,442
PID_MA_ENH,PID_MA_EXT_C_P,O,S0010-0,444
PID_MA_ENH,PID_MA_EXT_P,O,S0010-0,444
PID_MA_ENH,PID_MA_P,O,S0010-0,444
PID_MA_ENH,PID_MA_REM_P,O,S0010-0,444
PID_MA_ENH,PID_P,O,S0010-0,444
PID_MA_ENH,PMT_AU,O,S0010-0,444
PID_MA_ENH,PMT_AUB,O,S0010-0,444
PID_MA_ENH,PMT_MOD,O,S0010-0,444
PID_MA_ENH,PMT_MODB,O,S0010-0,444
PID_MA_ENH,POSFB_P,O,S0010-0,444
PID_MA_ENH,POS_CV,I,S0010-0,442
PID_MA_ENH,POS_CV_BQ,O,S0010-0,444
PID_MA_ENH,POS_CV_DH,O,S0010-0,444
PID_MA_ENH,POS_DH_SP,I,S0010-0,442
PID_MA_ENH,POS_DH_T,I,S0010-0,442
PID_MA_ENH,POS_SV,I,S0010-0,442
PID_MA_ENH,POS_SV_BQ,O,S0010-0,444
PID_MA_ENH,POS_SV_DH,O,S0010-0,444
PID_MA_ENH,PROC_LIM_HIGH,I,S0010-0,442
PID_MA_ENH,PROC_LIM_LOW,I,S0010-0,442
PID_MA_ENH,PR_DEC,I,S0010-0,442
PID_MA_ENH,PR_DEC_RT,I,S0010-0,442
PID_MA_ENH,PR_INC,I,S0010-0,442
PID_MA_ENH,PR_INC_RT,I,S0010-0,442
PID_MA_ENH,PV,I,S0010-0,442
PID_MA_ENH,PV_BQ,O,S0010-0,444
PID_MA_ENH,PV_SP_LIM_TRK,I,S0010-0,442
PID_MA_ENH,REJ_MN,O,S0010-0,445
PID_MA_ENH,REJ_MNB,O,S0010-0,445
PID_MA_ENH,RS,O,S0010-0,445
PID_MA_ENH,RSP,I,S0010-0,442
PID_MA_ENH,RSP_BQ,O,S0010-0,445
PID_MA_ENH,RSP_OV,O,S0010-0,445
PID_MA_ENH,RSP_SEL,I,S0010-0,442
PID_MA_ENH,SC,I,S0010-0,442
PID_MA_ENH,SF,I,S0010-0,442
PID_MA_ENH,SH,I,S0010-0,442
PID_MA_ENH,SI,O,S0010-0,445
PID_MA_ENH,SL,I,S0010-0,442
PID_MA_ENH,SP,O,S0010-0,445
PID_MA_ENH,SPLIT_P,O,S0010-0,445
PID_MA_ENH,SP_TRACK,I,S0010-0,442
PID_MA_ENH,SQR_ERR,I,S0010-0,443
PID_MA_ENH,SR,I,S0010-0,443
PID_MA_ENH,SV,O,S0010-0,445
PID_MA_ENH,SV_L,I,S0010-0,443
PID_MA_ENH,SV_MN,I,S0010-0,443
PID_MA_ENH,SV_R,I,S0010-0,443
PID_MA_ENH,SV_X,I,S0010-0,443
PID_MA_ENH,SV_Y,I,S0010-0,443
PID_MA_ENH,TK_CMDB,O,S0010-0,445
PID_MA_ENH,TK_OUT,O,S0010-0,445
PID_MA_ENH,TUN,O,S0010-0,445
PID_MA_ENH,TV,I,S0010-0,443
PID_MA_ENH,TV_BQ,O,S0010-0,445
PID_MA_ENH,US,O,S0010-0,445
PID_MA_ENH_V2,AUTO,O,S0010-0,495
PID_MA_ENH_V2,AU_PMT,I,S0010-0,492
PID_MA_ENH_V2,AU_SEL,I,S0010-0,492
PID_MA_ENH_V2,BKCAL_IN_CV,I,S0010-0,492
PID_MA_ENH_V2,BKCAL_IN_SV,I,S0010-0,492
PID_MA_ENH_V2,BLOCK_OPT,I,S0010-0,492
PID_MA_ENH_V2,BQ_MAN,I,S0010-0,492
PID_MA_ENH_V2,CASC_IN,I,S0010-0,492
PID_MA_ENH_V2,CASC_OUT,O,S0010-0,495
PID_MA_ENH_V2,CHAR_P,O,S0010-0,495
PID_MA_ENH_V2,CMD_FRC,I,S0010-0,492
PID_MA_ENH_V2,CMD_OVR,I,S0010-0,492
PID_MA_ENH_V2,CMD_TK,I,S0010-0,492
PID_MA_ENH_V2,CTL,I,S0010-0,492
PID_MA_ENH_V2,CTRL_ACT,I,S0010-0,492
PID_MA_ENH_V2,CV,O,S0010-0,495
PID_MA_ENH_V2,CVI,I,S0010-0,492
PID_MA_ENH_V2,CVI_BQ,O,S0010-0,495
PID_MA_ENH_V2,CVO,O,S0010-0,495
PID_MA_ENH_V2,CV_L,I,S0010-0,492
PID_MA_ENH_V2,CV_MN,I,S0010-0,492
PID_MA_ENH_V2,CV_R,I,S0010-0,492
PID_MA_ENH_V2,CV_X,I,S0010-0,492
PID_MA_ENH_V2,CV_Y,I,S0010-0,492
PID_MA_ENH_V2,DEC_INH,O,S0010-0,495
PID_MA_ENH_V2,DG,I,S0010-0,492
PID_MA_ENH_V2,EN_PROC_LIM_HIGH,I,S0010-0,492
PID_MA_ENH_V2,EN_PROC_LIM_LOW,I,S0010-0,492
PID_MA_ENH_V2,ER,I,S0010-0,492
PID_MA_ENH_V2,ERR_C,I,S0010-0,492
PID_MA_ENH_V2,ERR_CDB,I,S0010-0,492
PID_MA_ENH_V2,ER_OUT,O,S0010-0,495
PID_MA_ENH_V2,EV,I,S0010-0,492
PID_MA_ENH_V2,EV_BQ,O,S0010-0,495
PID_MA_ENH_V2,FF,I,S0010-0,492
PID_MA_ENH_V2,FFWD_BQ,O,S0010-0,495
PID_MA_ENH_V2,FRC_CMD,O,S0010-0,495
PID_MA_ENH_V2,FRC_CMDB,O,S0010-0,495
PID_MA_ENH_V2,FV,I,S0010-0,492
PID_MA_ENH_V2,H,I,S0010-0,492
PID_MA_ENH_V2,IG,I,S0010-0,492
PID_MA_ENH_V2,IG_C,I,S0010-0,492
PID_MA_ENH_V2,IG_CDB,I,S0010-0,493
PID_MA_ENH_V2,INC_INH,O,S0010-0,495
PID_MA_ENH_V2,INH_DEC,I,S0010-0,493
PID_MA_ENH_V2,INH_INC,I,S0010-0,493
PID_MA_ENH_V2,INH_PDG,I,S0010-0,493
PID_MA_ENH_V2,INH_PDG_CDB,I,S0010-0,493
PID_MA_ENH_V2,INIT_POS,I,S0010-0,493
PID_MA_ENH_V2,L,I,S0010-0,493
PID_MA_ENH_V2,LOCK,O,S0010-0,496
PID_MA_ENH_V2,LOCK_P,O,S0010-0,495
PID_MA_ENH_V2,LS,O,S0010-0,495
PID_MA_ENH_V2,MA_EXT_P,O,S0010-0,495
PID_MA_ENH_V2,MA_MAN_P,O,S0010-0,495
PID_MA_ENH_V2,MA_P,O,S0010-0,495
PID_MA_ENH_V2,MA_REM_P,O,S0010-0,495
PID_MA_ENH_V2,MC,I,S0010-0,493
PID_MA_ENH_V2,MN_REJ,I,S0010-0,493
PID_MA_ENH_V2,MN_REJ_A,O,S0010-0,495
PID_MA_ENH_V2,MODE_OPT,I,S0010-0,493
PID_MA_ENH_V2,MOD_PMT,I,S0010-0,493
PID_MA_ENH_V2,MR,I,S0010-0,493
PID_MA_ENH_V2,OBQ,O,S0010-0,495
PID_MA_ENH_V2,OUT,O,S0010-0,495
PID_MA_ENH_V2,OV,I,S0010-0,493
PID_MA_ENH_V2,OVRST_SEL,O,S0010-0,495
PID_MA_ENH_V2,OVR_CMD,O,S0010-0,495
PID_MA_ENH_V2,OVR_CMDB,O,S0010-0,495
PID_MA_ENH_V2,OVR_CTRL,I,S0010-0,493
PID_MA_ENH_V2,PG,I,S0010-0,493
PID_MA_ENH_V2,PG_C,I,S0010-0,493
PID_MA_ENH_V2,PG_CDB,I,S0010-0,493
PID_MA_ENH_V2,PID_MA_EXT_C_P,O,S0010-0~PID_MA_ENH,444
PID_MA_ENH_V2,PID_MA_EXT_P,O,S0010-0,495
PID_MA_ENH_V2,PID_MA_P,O,S0010-0,495
PID_MA_ENH_V2,PID_MA_REM_P,O,S0010-0,495
PID_MA_ENH_V2,PID_P,O,S0010-0,495
PID_MA_ENH_V2,PMT_AU,O,S0010-0,495
PID_MA_ENH_V2,PMT_AUB,O,S0010-0,495
PID_MA_ENH_V2,PMT_MOD,O,S0010-0,495
PID_MA_ENH_V2,PMT_MODB,O,S0010-0,495
PID_MA_ENH_V2,POSFB_P,O,S0010-0,496
PID_MA_ENH_V2,POS_CV,I,S0010-0,493
PID_MA_ENH_V2,POS_CV_BQ,O,S0010-0,495
PID_MA_ENH_V2,POS_CV_DH,O,S0010-0,495
PID_MA_ENH_V2,POS_DH_SP,I,S0010-0,493
PID_MA_ENH_V2,POS_DH_T,I,S0010-0,493
PID_MA_ENH_V2,POS_SV,I,S0010-0,493
PID_MA_ENH_V2,POS_SV_BQ,O,S0010-0,495
PID_MA_ENH_V2,POS_SV_DH,O,S0010-0,496
PID_MA_ENH_V2,PROC_LIM_HIGH,I,S0010-0,493
PID_MA_ENH_V2,PROC_LIM_LOW,I,S0010-0,493
PID_MA_ENH_V2,PR_DEC,I,S0010-0,493
PID_MA_ENH_V2,PR_DEC_RT,I,S0010-0,493
PID_MA_ENH_V2,PR_INC,I,S0010-0,493
PID_MA_ENH_V2,PR_INC_RT,I,S0010-0,493
PID_MA_ENH_V2,PV,I,S0010-0,493
PID_MA_ENH_V2,PV_BQ,O,S0010-0,496
PID_MA_ENH_V2,PV_SP_LIM_TRK,I,S0010-0,493
PID_MA_ENH_V2,REJ_MN,O,S0010-0,496
PID_MA_ENH_V2,REJ_MNB,O,S0010-0,496
PID_MA_ENH_V2,RS,O,S0010-0,496
PID_MA_ENH_V2,RSP,I,S0010-0,493
PID_MA_ENH_V2,RSP_BQ,O,S0010-0,496
PID_MA_ENH_V2,RSP_OV,O,S0010-0,496
PID_MA_ENH_V2,RSP_SEL,I,S0010-0,493
PID_MA_ENH_V2,SC,I,S0010-0,493
PID_MA_ENH_V2,SF,I,S0010-0,493
PID_MA_ENH_V2,SH,I,S0010-0,494
PID_MA_ENH_V2,SI,O,S0010-0,496
PID_MA_ENH_V2,SL,I,S0010-0,494
PID_MA_ENH_V2,SP,O,S0010-0,496
PID_MA_ENH_V2,SPLIT_P,O,S0010-0,496
PID_MA_ENH_V2,SP_TRACK,I,S0010-0,494
PID_MA_ENH_V2,SQR_ERR,I,S0010-0,494
PID_MA_ENH_V2,SR,I,S0010-0,494
PID_MA_ENH_V2,SV,O,S0010-0,496
PID_MA_ENH_V2,SV_L,I,S0010-0,494
PID_MA_ENH_V2,SV_MN,I,S0010-0,494
PID_MA_ENH_V2,SV_R,I,S0010-0,494
PID_MA_ENH_V2,SV_X,I,S0010-0,494
PID_MA_ENH_V2,SV_Y,I,S0010-0,494
PID_MA_ENH_V2,TK_CMDB,O,S0010-0,496
PID_MA_ENH_V2,TK_OUT,O,S0010-0,496
PID_MA_ENH_V2,TUN,O,S0010-0,496
PID_MA_ENH_V2,TV,I,S0010-0,494
PID_MA_ENH_V2,TV_BQ,O,S0010-0,496
PID_MA_ENH_V2,US,O,S0010-0,496
PID_MA_ENH_V3,AUTO,O,S0010-0,545
PID_MA_ENH_V3,AU_PMT,I,S0010-0,542
PID_MA_ENH_V3,AU_SEL,I,S0010-0,542
PID_MA_ENH_V3,BKCAL_IN_CV,I,S0010-0,542
PID_MA_ENH_V3,BKCAL_IN_SV,I,S0010-0,542
PID_MA_ENH_V3,BLOCK_OPT,I,S0010-0,542
PID_MA_ENH_V3,BQ_MAN,I,S0010-0,542
PID_MA_ENH_V3,CASC_IN,I,S0010-0,542
PID_MA_ENH_V3,CASC_OUT,O,S0010-0,545
PID_MA_ENH_V3,CHAR_P,O,S0010-0,545
PID_MA_ENH_V3,CMD_FRC,I,S0010-0,542
PID_MA_ENH_V3,CMD_OVR,I,S0010-0,542
PID_MA_ENH_V3,CMD_TK,I,S0010-0,542
PID_MA_ENH_V3,CTL,I,S0010-0,542
PID_MA_ENH_V3,CTRL_ACT,I,S0010-0,542
PID_MA_ENH_V3,CV,O,S0010-0,545
PID_MA_ENH_V3,CVI,I,S0010-0,542
PID_MA_ENH_V3,CVI_BQ,O,S0010-0,545
PID_MA_ENH_V3,CVO,O,S0010-0,545
PID_MA_ENH_V3,CV_L,I,S0010-0,542
PID_MA_ENH_V3,CV_MN,I,S0010-0,542
PID_MA_ENH_V3,CV_R,I,S0010-0,542
PID_MA_ENH_V3,CV_X,I,S0010-0,542
PID_MA_ENH_V3,CV_Y,I,S0010-0,542
PID_MA_ENH_V3,DEC_INH,O,S0010-0,545
PID_MA_ENH_V3,DG,I,S0010-0,542
PID_MA_ENH_V3,EN_PROC_LIM_HIGH,I,S0010-0,542
PID_MA_ENH_V3,EN_PROC_LIM_LOW,I,S0010-0,542
PID_MA_ENH_V3,ER,I,S0010-0,542
PID_MA_ENH_V3,ERR_C,I,S0010-0,542
PID_MA_ENH_V3,ERR_CDB,I,S0010-0,542
PID_MA_ENH_V3,ER_OUT,O,S0010-0,545
PID_MA_ENH_V3,EV,I,S0010-0,542
PID_MA_ENH_V3,EV_BQ,O,S0010-0,545
PID_MA_ENH_V3,FF,I,S0010-0,542
PID_MA_ENH_V3,FFWD_BQ,O,S0010-0,545
PID_MA_ENH_V3,FRC_CMD,O,S0010-0,545
PID_MA_ENH_V3,FRC_CMDB,O,S0010-0,545
PID_MA_ENH_V3,FV,I,S0010-0,542
PID_MA_ENH_V3,H,I,S0010-0,542
PID_MA_ENH_V3,IG,I,S0010-0,542
PID_MA_ENH_V3,IG_C,I,S0010-0,542
PID_MA_ENH_V3,IG_CDB,I,S0010-0,543
PID_MA_ENH_V3,INC_INH,O,S0010-0,545
PID_MA_ENH_V3,INH_DEC,I,S0010-0,543
PID_MA_ENH_V3,INH_INC,I,S0010-0,543
PID_MA_ENH_V3,INH_PDG,I,S0010-0,543
PID_MA_ENH_V3,INH_PDG_CDB,I,S0010-0,543
PID_MA_ENH_V3,INIT_POS,I,S0010-0,543
PID_MA_ENH_V3,L,I,S0010-0,543
PID_MA_ENH_V3,LOCK,O,S0010-0,546
PID_MA_ENH_V3,LOCK_P,O,S0010-0,545
PID_MA_ENH_V3,LS,O,S0010-0,545
PID_MA_ENH_V3,MA_EXT_P,O,S0010-0,545
PID_MA_ENH_V3,MA_MAN_P,O,S0010-0,545
PID_MA_ENH_V3,MA_P,O,S0010-0,545
PID_MA_ENH_V3,MA_REM_P,O,S0010-0,545
PID_MA_ENH_V3,MC,I,S0010-0,543
PID_MA_ENH_V3,MN_REJ,I,S0010-0,543
PID_MA_ENH_V3,MN_REJ_A,O,S0010-0,545
PID_MA_ENH_V3,MODE_OPT,I,S0010-0,543
PID_MA_ENH_V3,MOD_PMT,I,S0010-0,543
PID_MA_ENH_V3,MR,I,S0010-0,543
PID_MA_ENH_V3,OBQ,O,S0010-0,545
PID_MA_ENH_V3,OUT,O,S0010-0,545
PID_MA_ENH_V3,OV,I,S0010-0,543
PID_MA_ENH_V3,OVRST_SEL,O,S0010-0,545
PID_MA_ENH_V3,OVR_CMD,O,S0010-0,545
PID_MA_ENH_V3,OVR_CMDB,O,S0010-0,545
PID_MA_ENH_V3,OVR_CTRL,I,S0010-0,543
PID_MA_ENH_V3,PG,I,S0010-0,543
PID_MA_ENH_V3,PG_C,I,S0010-0,543
PID_MA_ENH_V3,PG_CDB,I,S0010-0,543
PID_MA_ENH_V3,PID_MA_EXT_C_P,O,S0010-0,545
PID_MA_ENH_V3,PID_MA_EXT_P,O,S0010-0,545
PID_MA_ENH_V3,PID_MA_P,O,S0010-0,545
PID_MA_ENH_V3,PID_MA_REM_C_P,O,S0010-0,545
PID_MA_ENH_V3,PID_MA_REM_P,O,S0010-0,545
PID_MA_ENH_V3,PID_P,O,S0010-0,545
PID_MA_ENH_V3,PMT_AU,O,S0010-0,545
PID_MA_ENH_V3,PMT_AUB,O,S0010-0,545
PID_MA_ENH_V3,PMT_MOD,O,S0010-0,545
PID_MA_ENH_V3,PMT_MODB,O,S0010-0,545
PID_MA_ENH_V3,POSFB_P,O,S0010-0,546
PID_MA_ENH_V3,POS_CV,I,S0010-0,543
PID_MA_ENH_V3,POS_CV_BQ,O,S0010-0,545
PID_MA_ENH_V3,POS_CV_DH,O,S0010-0,545
PID_MA_ENH_V3,POS_DH_SP,I,S0010-0,543
PID_MA_ENH_V3,POS_DH_T,I,S0010-0,543
PID_MA_ENH_V3,POS_SV,I,S0010-0,543
PID_MA_ENH_V3,POS_SV_BQ,O,S0010-0,545
PID_MA_ENH_V3,POS_SV_DH,O,S0010-0,546
PID_MA_ENH_V3,PROC_LIM_HIGH,I,S0010-0,543
PID_MA_ENH_V3,PROC_LIM_LOW,I,S0010-0,543
PID_MA_ENH_V3,PR_DEC,I,S0010-0,543
PID_MA_ENH_V3,PR_DEC_RT,I,S0010-0,543
PID_MA_ENH_V3,PR_INC,I,S0010-0,543
PID_MA_ENH_V3,PR_INC_RT,I,S0010-0,543
PID_MA_ENH_V3,PV,I,S0010-0,543
PID_MA_ENH_V3,PV_BQ,O,S0010-0,546
PID_MA_ENH_V3,PV_SP_LIM_TRK,I,S0010-0,543
PID_MA_ENH_V3,REJ_MN,O,S0010-0,546
PID_MA_ENH_V3,REJ_MNB,O,S0010-0,546
PID_MA_ENH_V3,RS,O,S0010-0,546
PID_MA_ENH_V3,RSP,I,S0010-0,543
PID_MA_ENH_V3,RSP_BQ,O,S0010-0,546
PID_MA_ENH_V3,RSP_OV,O,S0010-0,546
PID_MA_ENH_V3,RSP_SEL,I,S0010-0,543
PID_MA_ENH_V3,SC,I,S0010-0,543
PID_MA_ENH_V3,SF,I,S0010-0,543
PID_MA_ENH_V3,SH,I,S0010-0,544
PID_MA_ENH_V3,SI,O,S0010-0,546
PID_MA_ENH_V3,SL,I,S0010-0,544
PID_MA_ENH_V3,SP,O,S0010-0,546
PID_MA_ENH_V3,SPLIT_P,O,S0010-0,546
PID_MA_ENH_V3,SP_TRACK,I,S0010-0,544
PID_MA_ENH_V3,SQR_ERR,I,S0010-0,544
PID_MA_ENH_V3,SR,I,S0010-0,544
PID_MA_ENH_V3,SV,O,S0010-0,546
PID_MA_ENH_V3,SV_L,I,S0010-0,544
PID_MA_ENH_V3,SV_MN,I,S0010-0,544
PID_MA_ENH_V3,SV_R,I,S0010-0,544
PID_MA_ENH_V3,SV_X,I,S0010-0,544
PID_MA_ENH_V3,SV_Y,I,S0010-0,544
PID_MA_ENH_V3,TK_CMDB,O,S0010-0,546
PID_MA_ENH_V3,TK_OUT,O,S0010-0,546
PID_MA_ENH_V3,TUN,O,S0010-0,546
PID_MA_ENH_V3,TV,I,S0010-0,544
PID_MA_ENH_V3,TV_BQ,O,S0010-0,546
PID_MA_ENH_V3,US,O,S0010-0,546
PN_ALM_READ,BUSY,O,S0014-B,210
PN_ALM_READ,DEVICE_NUM,I,S0014-B,210
PN_ALM_READ,DONE,O,S0014-B,210
PN_ALM_READ,ENABLE,I,S0014-B,210
PN_ALM_READ,ERROR,O,S0014-B,210
PN_ALM_READ,LEN,O,S0014-B,210
PN_ALM_READ,PN_STATUS,O,S0014-B,210
PN_ALM_READ,RD_DATA,O,S0014-B,210
PN_ALM_READ,REQUEST,I,S0014-B,210
PREVOTE,R,O,S0014-B,208
PREVOTE,RHLT,O,S0014-B,208
PREVOTE,S,O,S0014-B,208
PREVOTE,SHLT,O,S0014-B,208
PREVOTE,TA,O,S0014-B,208
PREVOTE,TAHLT,O,S0014-B,208
PREVOTE,TB,O,S0014-B,208
PREVOTE,TBHLT,O,S0014-B,208
PREVOTE,VAR,I,S0014-B,208
PROP_GAIN,E_HIGH,I,S0010-0,554
PROP_GAIN,E_LOW,I,S0010-0,554
PROP_GAIN,G_MAX,I,S0010-0,554
PROP_GAIN,G_MIN,I,S0010-0,554
PROP_GAIN,OUT,O,S0010-0,554
PROP_GAIN,PV,I,S0010-0,554
PROP_GAIN,SP,I,S0010-0,554
PULSE,CWIDTH,S,S0014-B,222
PULSE,ISTRIGGERED,S,S0014-B,222
PULSE,OUT,O,S0014-B,222
PULSE,TRIG,I,S0014-B,222
PULSE,WIDTH,I,S0014-B,222
PULSE_EXT,CWIDTH,S,S0014-B,223
PULSE_EXT,OUT,O,S0014-B,223
PULSE_EXT,TRIG,I,S0014-B,223
PULSE_EXT,WIDTH,I,S0014-B,223
PUT,DEST,O,S0014-B,225
PUT,ENABLE,I,S0014-B,225
PUT,N,I,S0014-B,225
PUT,SRC,I,S0014-B,225
P_B,IN,I,S0014-B,224
P_B,OUT,O,S0014-B,224
P_B,WIDTH,I,S0014-B,224
QUADSEL,1XMTR_P,I,GEI-100679,234
QUADSEL,A,I,GEI-100679,234
QUADSEL,ABQ,O,GEI-100679,235
QUADSEL,AD,O,GEI-100679,235
QUADSEL,AU_EN_P,I,GEI-100679,234
QUADSEL,B,I,GEI-100679,234
QUADSEL,BBQ,O,GEI-100679,235
QUADSEL,BD,O,GEI-100679,235
QUADSEL,C,I,GEI-100679,234
QUADSEL,CBQ,O,GEI-100679,235
QUADSEL,CD,O,GEI-100679,235
QUADSEL,CTL,I,GEI-100679,234
QUADSEL,D,I,GEI-100679,234
QUADSEL,DAH,O,GEI-100679,235
QUADSEL,DBH,O,GEI-100679,235
QUADSEL,DBQ,O,GEI-100679,235
QUADSEL,DCH,O,GEI-100679,235
QUADSEL,DD,O,GEI-100679,235
QUADSEL,DDH,O,GEI-100679,235
QUADSEL,DF,I,GEI-100679,234
QUADSEL,DL,I,GEI-100679,234
QUADSEL,DLDB,I,GEI-100679,234
QUADSEL,DS,I,GEI-100679,234
QUADSEL,DT,I,GEI-100679,234
QUADSEL,IN_ABQ,I,GEI-100679,234
QUADSEL,IN_BBQ,I,GEI-100679,234
QUADSEL,IN_CBQ,I,GEI-100679,234
QUADSEL,IN_DBQ,I,GEI-100679,234
QUADSEL,MODE,O,GEI-100679,235
QUADSEL,OBQ,O,GEI-100679,235
QUADSEL,ODH,O,GEI-100679,235
QUADSEL,OUT,O,GEI-100679,235
QUADSEL,RATE,I,GEI-100679,234
QUADSEL,SEL_P,O,GEI-100679,235
QUADSEL,TS,I,GEI-100679,234
QUADSEL_V2,1XMTR_P,I,S0010-0,572
QUADSEL_V2,A,I,S0010-0,572
QUADSEL_V2,ABQ,O,S0010-0,573
QUADSEL_V2,AD,O,S0010-0,573
QUADSEL_V2,AU_EN_P,I,S0010-0,572
QUADSEL_V2,B,I,S0010-0,572
QUADSEL_V2,BBQ,O,S0010-0,573
QUADSEL_V2,BD,O,S0010-0,573
QUADSEL_V2,C,I,S0010-0,572
QUADSEL_V2,CBQ,O,S0010-0,573
QUADSEL_V2,CD,O,S0010-0,573
QUADSEL_V2,CTL,I,S0010-0,572
QUADSEL_V2,D,I,S0010-0,572
QUADSEL_V2,DAH,O,S0010-0,573
QUADSEL_V2,DBH,O,S0010-0,573
QUADSEL_V2,DBQ,O,S0010-0,573
QUADSEL_V2,DCH,O,S0010-0,573
QUADSEL_V2,DD,O,S0010-0,573
QUADSEL_V2,DDH,O,S0010-0,573
QUADSEL_V2,DF,I,S0010-0,572
QUADSEL_V2,DL,I,S0010-0,572
QUADSEL_V2,DLDB,I,S0010-0,572
QUADSEL_V2,DS,I,S0010-0,572
QUADSEL_V2,DT,I,S0010-0,572
QUADSEL_V2,IN_ABQ,I,S0010-0,572
QUADSEL_V2,IN_BBQ,I,S0010-0,572
QUADSEL_V2,IN_CBQ,I,S0010-0,572
QUADSEL_V2,IN_DBQ,I,S0010-0,572
QUADSEL_V2,MODE,O,S0010-0,573
QUADSEL_V2,OBQ,O,S0010-0,573
QUADSEL_V2,ODH,O,S0010-0,573
QUADSEL_V2,OUT,O,S0010-0,573
QUADSEL_V2,RATE,I,S0010-0,572
QUADSEL_V2,SEL_P,O,S0010-0,573
QUADSEL_V2,TS,I,S0010-0,572
QUAL_AVG,IN1,I,GEI-100679,238
QUAL_AVG,IN10,I,S0010-0,577
QUAL_AVG,IN11,I,S0010-0,577
QUAL_AVG,IN12,I,S0010-0,577
QUAL_AVG,IN13,I,S0010-0,577
QUAL_AVG,IN14,I,S0010-0,577
QUAL_AVG,IN15,I,S0010-0,577
QUAL_AVG,IN16,I,S0010-0,577
QUAL_AVG,IN17,I,S0010-0,577
QUAL_AVG,IN18,I,S0010-0,577
QUAL_AVG,IN19,I,S0010-0,577
QUAL_AVG,IN2,I,S0010-0,577
QUAL_AVG,IN20,I,S0010-0,577
QUAL_AVG,IN21,I,S0010-0,577
QUAL_AVG,IN22,I,S0010-0,577
QUAL_AVG,IN23,I,S0010-0,577
QUAL_AVG,IN24,I,S0010-0,577
QUAL_AVG,IN25,I,S0010-0,577
QUAL_AVG,IN26,I,S0010-0,577
QUAL_AVG,IN27,I,S0010-0,577
QUAL_AVG,IN28,I,S0010-0,577
QUAL_AVG,IN29,I,S0010-0,577
QUAL_AVG,IN3,I,S0010-0,577
QUAL_AVG,IN30,I,S0010-0,577
QUAL_AVG,IN31,I,S0010-0,577
QUAL_AVG,IN32,I,S0010-0,577
QUAL_AVG,IN4,I,S0010-0,577
QUAL_AVG,IN5,I,S0010-0,577
QUAL_AVG,IN6,I,S0010-0,577
QUAL_AVG,IN7,I,S0010-0,577
QUAL_AVG,IN8,I,S0010-0,577
QUAL_AVG,IN9,I,S0010-0,577
QUAL_AVG,OUT,O,GEI-100679,239
QUAL_AVG,QUAL_BAD,O,GEI-100679,239
QUAL_AVG,QUAL_GOOD,O,GEI-100679,239
QUAL_AVG,QUAL_POOR,O,GEI-100679,239
RATELIM,HOLD,I,S0014-B,227
RATELIM,IN,I,S0014-B,227
RATELIM,OUT,O,S0014-B,227
RATELIM,PASS,I,S0014-B,227
RATELIM,PRESET,I,S0014-B,227
RATELIM,PR_VAL,I,S0014-B,227
RATELIM,RATE_DEC,I,S0014-B,227
RATELIM,RATE_IN,O,S0014-B,227
RATELIM,RATE_INC,I,S0014-B,227
RATELIM,RATE_LIM,O,S0014-B,227
RATELIM,RATE_OUT,O,S0014-B,227
RATELIM_STATUS,HOLD,I,S0014-B~RATELIM,227
RATELIM_STATUS,IN,I,S0014-B~RATELIM,227
RATELIM_STATUS,OUT,O,S0014-B~RATELIM,227
RATELIM_STATUS,PASS,I,S0014-B~RATELIM,227
RATELIM_STATUS,PRESET,I,S0014-B~RATELIM,227
RATELIM_STATUS,PR_VAL,I,S0014-B~RATELIM,227
RATELIM_STATUS,RATE_DEC,I,S0014-B~RATELIM,227
RATELIM_STATUS,RATE_IN,O,S0014-B~RATELIM,227
RATELIM_STATUS,RATE_INC,I,S0014-B~RATELIM,227
RATELIM_STATUS,RATE_LIM,O,S0014-B~RATELIM,227
RATELIM_STATUS,RATE_OUT,O,S0014-B~RATELIM,227
RATEMON,HYST,I,S0014-B,229
RATEMON,IN,I,S0014-B,229
RATEMON,OUT,O,S0014-B,229
RATEMON,RATE,O,S0014-B,229
RATEMON,RATE_DEC,I,S0014-B,229
RATEMON,RATE_DEC_HI,O,S0014-B,229
RATEMON,RATE_INC,I,S0014-B,229
RATEMON,RATE_INC_HI,O,S0014-B,229
ROTARY_SW,IN,I,S0014-B,231
ROTARY_SW,OUT1,O,S0014-B,231
ROTARY_SW,OUT10,O,S0014-B,231
ROTARY_SW,OUT11,O,S0014-B,231
ROTARY_SW,OUT12,O,S0014-B,231
ROTARY_SW,OUT13,O,S0014-B,231
ROTARY_SW,OUT14,O,S0014-B,231
ROTARY_SW,OUT15,O,S0014-B,231
ROTARY_SW,OUT16,O,S0014-B,231
ROTARY_SW,OUT17,O,S0014-B,231
ROTARY_SW,OUT18,O,S0014-B,231
ROTARY_SW,OUT19,O,S0014-B,231
ROTARY_SW,OUT2,O,S0014-B,231
ROTARY_SW,OUT20,O,S0014-B,231
ROTARY_SW,OUT21,O,S0014-B,231
ROTARY_SW,OUT22,O,S0014-B,231
ROTARY_SW,OUT23,O,S0014-B,231
ROTARY_SW,OUT24,O,S0014-B,231
ROTARY_SW,OUT25,O,S0014-B,231
ROTARY_SW,OUT26,O,S0014-B,231
ROTARY_SW,OUT27,O,S0014-B,231
ROTARY_SW,OUT28,O,S0014-B,231
ROTARY_SW,OUT29,O,S0014-B,231
ROTARY_SW,OUT3,O,S0014-B,231
ROTARY_SW,OUT30,O,S0014-B,231
ROTARY_SW,OUT31,O,S0014-B,231
ROTARY_SW,OUT32,O,S0014-B,231
ROTARY_SW,OUT4,O,S0014-B,231
ROTARY_SW,OUT5,O,S0014-B,231
ROTARY_SW,OUT6,O,S0014-B,231
ROTARY_SW,OUT7,O,S0014-B,231
ROTARY_SW,OUT8,O,S0014-B,231
ROTARY_SW,OUT9,O,S0014-B,231
ROUND,IN,I,S0014-B,232
ROUND,OUT,O,S0014-B,232
ROUND,PREC,I,S0014-B,232
RUNG,A,I,S0014-B,230
RUNG,B,I,S0014-B,230
RUNG,C,I,S0014-B,230
RUNG,D,I,S0014-B,230
RUNG,E,I,S0014-B,230
RUNG,EQN,I,S0014-B,230
RUNG,F,I,S0014-B,230
RUNG,G,I,S0014-B,230
RUNG,H,I,S0014-B,230
RUNG,I,I,S0014-B,230
RUNG,J,I,S0014-B,230
RUNG,K,I,S0014-B,230
RUNG,L,I,S0014-B,230
RUNG,M,I,S0014-B,230
RUNG,N,I,S0014-B,230
RUNG,O,I,S0014-B,230
RUNG,OUT,O,S0014-B,230
RUNG,P,I,S0014-B,230
RUN_TIMER,IN,I,GEI-100679,240
RUN_TIMER,OUT,O,GEI-100679,240
RUN_TIMER,RESET,I,GEI-100679,240
SAT_PRESSURE,IN_PATM,I,GEI-100679,257
SAT_PRESSURE,IN_T,I,GEI-100679,257
SAT_PRESSURE,MEAS_SYS,I,GEI-100679,257
SAT_PRESSURE,OUT,O,GEI-100679,257
SAT_PRESSURE_V2,IN_PATM,I,S0010-0,624
SAT_PRESSURE_V2,IN_T,I,S0010-0,624
SAT_PRESSURE_V2,MEAS_SYS,I,S0010-0,624
SAT_PRESSURE_V2,OUT,O,S0010-0,624
SAT_TEMP,IN_P,I,GEI-100679,258
SAT_TEMP,IN_PATM,I,GEI-100679,258
SAT_TEMP,MEAS_SYS,I,GEI-100679,258
SAT_TEMP,OUT,O,GEI-100679,258
SAT_TEMP_STATUS,IN_P,I,GEI-100679~SAT_TEMP,258
SAT_TEMP_STATUS,IN_PATM,I,GEI-100679~SAT_TEMP,258
SAT_TEMP_STATUS,MEAS_SYS,I,GEI-100679~SAT_TEMP,258
SAT_TEMP_STATUS,OUT,O,GEI-100679~SAT_TEMP,258
SAT_TEMP_V2,IN_P,I,S0010-0,626
SAT_TEMP_V2,IN_PATM,I,S0010-0,626
SAT_TEMP_V2,MEAS_SYS,I,S0010-0,626
SAT_TEMP_V2,OUT,O,S0010-0,626
SBB,ACTIVE,O,S0014-B,237
SBB,BRANCH1,I,S0014-B,237
SBB,BRANCH2,I,S0014-B,237
SBB,BRANCH3,I,S0014-B,237
SBB,BRANCH4,I,S0014-B,237
SBB,BRANCH5,I,S0014-B,237
SBB,BRANCH6,I,S0014-B,237
SBB,BRANCH7,I,S0014-B,237
SBB,BRANCH8,I,S0014-B,237
SBB,BR_ALL,I,S0014-B,237
SBB,ON,O,S0014-B,237
SBB,RESET,I,S0014-B,237
SCAN,SCAN_RT,O,S0014-B,264
SCAN,TSK_TIM,O,S0014-B,264
SELECT,CASC,I,S0014-B,233
SELECT,ENABLE,I,S0014-B,233
SELECT,IN1,I,S0014-B,233
SELECT,OUT,O,S0014-B,233
SELECT,SEL1,I,S0014-B,233
SELECTOR,CASC,I,S0014-B,235
SELECTOR,ENABLE,I,S0014-B,235
SELECTOR,INA1,I,S0014-B,235
SELECTOR,INA16,I,S0014-B,235
SELECTOR,INA2,I,S0014-B,235
SELECTOR,INB1,I,S0014-B,235
SELECTOR,INB16,I,S0014-B,235
SELECTOR,INB2,I,S0014-B,235
SELECTOR,OUT1,O,S0014-B,235
SELECTOR,OUT10,O,S0014-B,235
SELECTOR,OUT11,O,S0014-B,235
SELECTOR,OUT12,O,S0014-B,235
SELECTOR,OUT13,O,S0014-B,235
SELECTOR,OUT14,O,S0014-B,235
SELECTOR,OUT15,O,S0014-B,235
SELECTOR,OUT16,O,S0014-B,235
SELECTOR,OUT2,O,S0014-B,235
SELECTOR,OUT3,O,S0014-B,235
SELECTOR,OUT4,O,S0014-B,235
SELECTOR,OUT5,O,S0014-B,235
SELECTOR,OUT6,O,S0014-B,235
SELECTOR,OUT7,O,S0014-B,235
SELECTOR,OUT8,O,S0014-B,235
SELECTOR,OUT9,O,S0014-B,235
SELECTOR,SELA,I,S0014-B,235
SELECTOR,SELB,I,S0014-B,235
SELECT_STATUS,CASC,I,S0014-B~SELECT,233
SELECT_STATUS,ENABLE,I,S0014-B~SELECT,233
SELECT_STATUS,IN1,I,S0014-B~SELECT,233
SELECT_STATUS,OUT,O,S0014-B~SELECT,233
SELECT_STATUS,SEL1,I,S0014-B~SELECT,233
SETARRY,DEST,O,S0014-B,244
SETARRY,ENABLE,I,S0014-B,244
SETARRY,SET,I,S0014-B,244
SETPOINT_ST,B1,I,GEI-100679,263
SETPOINT_ST,B10,I,S0010-0,629
SETPOINT_ST,B11,I,S0010-0,629
SETPOINT_ST,B12,I,S0010-0,629
SETPOINT_ST,B13,I,S0010-0,629
SETPOINT_ST,B14,I,S0010-0,629
SETPOINT_ST,B15,I,S0010-0,629
SETPOINT_ST,B16,I,S0010-0,629
SETPOINT_ST,B2,I,S0010-0,629
SETPOINT_ST,B3,I,S0010-0,629
SETPOINT_ST,B4,I,S0010-0,629
SETPOINT_ST,B5,I,S0010-0,629
SETPOINT_ST,B6,I,S0010-0,629
SETPOINT_ST,B7,I,S0010-0,629
SETPOINT_ST,B8,I,S0010-0,629
SETPOINT_ST,B9,I,S0010-0,629
SETPOINT_ST,G1,I,S0010-0,629
SETPOINT_ST,G10,I,S0010-0,629
SETPOINT_ST,G11,I,S0010-0,629
SETPOINT_ST,G12,I,S0010-0,629
SETPOINT_ST,G13,I,S0010-0,629
SETPOINT_ST,G14,I,S0010-0,629
SETPOINT_ST,G15,I,S0010-0,629
SETPOINT_ST,G16,I,S0010-0,629
SETPOINT_ST,G2,I,S0010-0,629
SETPOINT_ST,G3,I,S0010-0,629
SETPOINT_ST,G4,I,S0010-0,629
SETPOINT_ST,G5,I,S0010-0,629
SETPOINT_ST,G6,I,S0010-0,629
SETPOINT_ST,G7,I,S0010-0,629
SETPOINT_ST,G8,I,S0010-0,629
SETPOINT_ST,G9,I,S0010-0,629
SETPOINT_ST,N,O,GEI-100679,264
SETPOINT_ST,OUT1,O,GEI-100679,264
SETPOINT_ST,OUT10,O,S0010-0,630
SETPOINT_ST,OUT11,O,S0010-0,630
SETPOINT_ST,OUT12,O,S0010-0,630
SETPOINT_ST,OUT13,O,S0010-0,630
SETPOINT_ST,OUT14,O,S0010-0,630
SETPOINT_ST,OUT15,O,S0010-0,630
SETPOINT_ST,OUT16,O,S0010-0,630
SETPOINT_ST,OUT2,O,S0010-0,630
SETPOINT_ST,OUT3,O,S0010-0,630
SETPOINT_ST,OUT4,O,S0010-0,630
SETPOINT_ST,OUT5,O,S0010-0,630
SETPOINT_ST,OUT6,O,S0010-0,630
SETPOINT_ST,OUT7,O,S0010-0,630
SETPOINT_ST,OUT8,O,S0010-0,630
SETPOINT_ST,OUT9,O,S0010-0,630
SETPOINT_ST,PV1,I,S0010-0,629
SETPOINT_ST,PV10,I,S0010-0,629
SETPOINT_ST,PV11,I,S0010-0,629
SETPOINT_ST,PV12,I,S0010-0,629
SETPOINT_ST,PV13,I,S0010-0,629
SETPOINT_ST,PV14,I,S0010-0,629
SETPOINT_ST,PV15,I,S0010-0,629
SETPOINT_ST,PV16,I,S0010-0,629
SETPOINT_ST,PV2,I,S0010-0,629
SETPOINT_ST,PV3,I,S0010-0,629
SETPOINT_ST,PV4,I,S0010-0,629
SETPOINT_ST,PV5,I,S0010-0,629
SETPOINT_ST,PV6,I,S0010-0,629
SETPOINT_ST,PV7,I,S0010-0,629
SETPOINT_ST,PV8,I,S0010-0,629
SETPOINT_ST,PV9,I,S0010-0,629
SETPOINT_ST,SH,I,S0010-0,629
SETPOINT_ST,SL,I,S0010-0,629
SETPOINT_ST,SP,I,S0010-0,629
SETPOINT_ST,SP_OUT,O,S0010-0,630
SETPOINT_ST,TK1,I,S0010-0,629
SETPOINT_ST,TK10,I,S0010-0,629
SETPOINT_ST,TK11,I,S0010-0,629
SETPOINT_ST,TK12,I,S0010-0,629
SETPOINT_ST,TK13,I,S0010-0,629
SETPOINT_ST,TK14,I,S0010-0,629
SETPOINT_ST,TK15,I,S0010-0,629
SETPOINT_ST,TK16,I,S0010-0,629
SETPOINT_ST,TK2,I,S0010-0,629
SETPOINT_ST,TK3,I,S0010-0,629
SETPOINT_ST,TK4,I,S0010-0,629
SETPOINT_ST,TK5,I,S0010-0,629
SETPOINT_ST,TK6,I,S0010-0,629
SETPOINT_ST,TK7,I,S0010-0,629
SETPOINT_ST,TK8,I,S0010-0,629
SETPOINT_ST,TK9,I,S0010-0,629
SMB,ACTIVE,O,S0014-B,241
SMB,CTIME,S,S0014-B,241
SMB,DONEFB,I,S0014-B,241
SMB,FAULT,O,S0014-B,241
SMB,HOLD,I,S0014-B,241
SMB,MR_ALL,I,S0014-B,241
SMB,MTIME,I,S0014-B,241
SMB,ON,O,S0014-B,241
SMB,RESET,I,S0014-B,241
SMB,RTIME,O,S0014-B,241
SMB,SSMODE,I,S0014-B,241
SMB,SSTRIG,I,S0014-B,241
SMGR,ACTIVE,O,S0014-B,239
SMGR,FAULT,O,S0014-B,239
SMGR,HOLD,I,S0014-B,239
SMGR,ON,O,S0014-B,239
SMGR,RESET,I,S0014-B,239
SMGR,SSMODE,I,S0014-B,239
SMGR,SSTRIG,I,S0014-B,239
SMGR,START1ST,I,S0014-B,239
SQRT,IN,I,S0014-B,245
SQRT,OUT,O,S0014-B,245
SQRT_STATUS,IN,I,S0014-B~SQRT,245
SQRT_STATUS,OUT,O,S0014-B~SQRT,245
SSB,ACTIVE,O,S0014-B,243
SSB,CTIME,S,S0014-B,243
SSB,DONEFB,I,S0014-B,243
SSB,FAULT,O,S0014-B,243
SSB,FBTIME,I,S0014-B,243
SSB,FORCEFB,I,S0014-B,243
SSB,HOLD,I,S0014-B,243
SSB,ON,O,S0014-B,243
SSB,PASSTHR,I,S0014-B,243
SSB,RESET,I,S0014-B,243
SSB,RTIME,O,S0014-B,243
SSB,SSMODE,I,S0014-B,243
SSB,SSTRIG,I,S0014-B,243
STARTER,AUTO,O,GEI-100679,279
STARTER,AUTO_P,O,GEI-100679,279
STARTER,AU_PMT,I,GEI-100679,278
STARTER,AU_REQ,O,GEI-100679,279
STARTER,AU_SEL,I,GEI-100679,278
STARTER,AU_STP,I,GEI-100679,278
STARTER,AU_STR,I,GEI-100679,278
STARTER,AVAIL,I,GEI-100679,278
STARTER,AVAIL_A,O,GEI-100679,279
STARTER,AVAIL_P,O,GEI-100679,280
STARTER,CONGR_A,O,GEI-100679,280
STARTER,CP_F_A,O,GEI-100679,280
STARTER,CP_OK,I,GEI-100679,278
STARTER,CP_OK_P,O,GEI-100679,280
STARTER,CTL,I,GEI-100679,278
STARTER,FAULT,O,GEI-100679,280
STARTER,FAULT_RESET,I,GEI-100679,279
STARTER,FL_SP_A,O,GEI-100679,280
STARTER,FL_SP_T,I,GEI-100679,279
STARTER,FL_ST_A,O,GEI-100679,280
STARTER,FL_ST_T,I,GEI-100679,279
STARTER,FRC_OFF,O,GEI-100679,280
STARTER,FRC_OFFB,O,GEI-100679,280
STARTER,FRC_ON,O,GEI-100679,280
STARTER,FRC_ONB,O,GEI-100679,280
STARTER,FUSE_MON_P,O,GEI-100679,280
STARTER,IO_MON,I,GEI-100679,279
STARTER,IO_OPT,I,GEI-100679,279
STARTER,LDLG_ORDER,I,GEI-100679,279
STARTER,LDLG_P,O,GEI-100679,280
STARTER,LOCAL,O,GEI-100679,280
STARTER,LOCK,O,GEI-100679,280
STARTER,LOCK_P,O,GEI-100679,280
STARTER,MN_REJ,I,GEI-100679,279
STARTER,MN_REJ_A,O,GEI-100679,280
STARTER,MODE,O,GEI-100679,280
STARTER,MODE_OPT,I,GEI-100679,279
STARTER,MOM_OUT_P,O,GEI-100679,280
STARTER,OFF,O,GEI-100679,280
STARTER,OFF_FRC,I,GEI-100679,279
STARTER,OFF_INP,I,GEI-100679,279
STARTER,OFF_INP_P,O,GEI-100679,280
STARTER,OFF_ORD,O,GEI-100679,280
STARTER,ON,O,GEI-100679,280
STARTER,ON_FRC,I,GEI-100679,279
STARTER,ON_INP,I,GEI-100679,279
STARTER,ON_ORD,O,GEI-100679,280
STARTER,OUT,O,GEI-100679,279
STARTER,OVR_TRP,O,GEI-100679,280
STARTER,OVR_TRPB,O,GEI-100679,280
STARTER,PBSTATE,O,GEI-100679,280
STARTER,PMT_AU,O,GEI-100679,280
STARTER,PMT_AUB,O,GEI-100679,280
STARTER,PMT_RUN,O,GEI-100679,281
STARTER,PMT_STP,O,GEI-100679,281
STARTER,PMT_STPB,O,GEI-100679,281
STARTER,PMT_STR,O,GEI-100679,281
STARTER,PMT_STRB,O,GEI-100679,281
STARTER,PR_TRP,I,GEI-100679,279
STARTER,PR_TRP_P,O,GEI-100679,281
STARTER,PR_TR_A,O,GEI-100679,281
STARTER,PWR_FL_TMR,I,S0010-0,642
STARTER,RCKD_IN,I,S0010-0,642
STARTER,RCKD_IN_P,O,GEI-100679,281
STARTER,RCKD_OT,O,GEI-100679,281
STARTER,RDY_STP,I,S0010-0,642
STARTER,RDY_STR,I,S0010-0,642
STARTER,REJ_MN,O,GEI-100679,281
STARTER,REJ_MNB,O,GEI-100679,281
STARTER,REMOTE,I,S0010-0,642
STARTER,REM_P,O,GEI-100679,281
STARTER,RUN_FLR,O,GEI-100679,281
STARTER,STP_FLR,O,GEI-100679,281
STARTER,STP_PMT,I,S0010-0,642
STARTER,STR_PMT,I,S0010-0,642
STARTER,TK,I,S0010-0,642
STARTER,TMR,O,GEI-100679,281
STARTER,TRIPPED,O,GEI-100679,281
STARTER,TRP_OVR,I,S0010-0,642
STARTER,VOLT_MON_P,O,GEI-100679,281
STARTER_V2,AUTO,O,S0010-0,664
STARTER_V2,AUTO_P,O,S0010-0,664
STARTER_V2,AUTO_REQ,O,S0010-0,664
STARTER_V2,AU_PMT,I,S0010-0,662
STARTER_V2,AU_SEL,I,S0010-0,662
STARTER_V2,AU_STP,I,S0010-0,662
STARTER_V2,AU_STR,I,S0010-0,662
STARTER_V2,AVAIL,I,S0010-0,662
STARTER_V2,AVAIL_A,O,S0010-0,664
STARTER_V2,AVAIL_P,O,S0010-0,664
STARTER_V2,CONGR_A,O,S0010-0,664
STARTER_V2,CP_F_A,O,S0010-0,664
STARTER_V2,CP_OK,I,S0010-0,662
STARTER_V2,CP_OK_P,O,S0010-0,664
STARTER_V2,CTL,I,S0010-0,663
STARTER_V2,FAULT,O,S0010-0,664
STARTER_V2,FAULT_RESET,I,S0010-0,662
STARTER_V2,FL_SP_A,O,S0010-0,664
STARTER_V2,FL_SP_T,I,S0010-0,663
STARTER_V2,FL_ST_A,O,S0010-0,664
STARTER_V2,FL_ST_T,I,S0010-0,663
STARTER_V2,FRC_OFF,O,S0010-0,664
STARTER_V2,FRC_ON,O,S0010-0,664
STARTER_V2,FUSE_MON_P,O,S0010-0,664
STARTER_V2,IO_MON,I,S0010-0,663
STARTER_V2,IO_OPT,I,S0010-0,663
STARTER_V2,LDLG_ORDER,I,S0010-0,662
STARTER_V2,LDLG_P,O,S0010-0,664
STARTER_V2,LOCAL,O,S0010-0,664
STARTER_V2,LOCK,O,S0010-0,664
STARTER_V2,LOCK_P,O,S0010-0,664
STARTER_V2,MN_REJ,I,S0010-0,662
STARTER_V2,MN_REJ_A,O,S0010-0,664
STARTER_V2,MODE,O,S0010-0,664
STARTER_V2,MODE_OPT,I,S0010-0,663
STARTER_V2,MOM_OUT_P,O,S0010-0,664
STARTER_V2,OFF,O,S0010-0,664
STARTER_V2,OFF_FRC,I,S0010-0,662
STARTER_V2,OFF_INP,I,S0010-0,662
STARTER_V2,OFF_INP_P,O,S0010-0,664
STARTER_V2,OFF_ORD,O,S0010-0,664
STARTER_V2,ON,O,S0010-0,664
STARTER_V2,ON_FRC,I,S0010-0,662
STARTER_V2,ON_INP,I,S0010-0,662
STARTER_V2,ON_ORD,O,S0010-0,664
STARTER_V2,OVR_TRP,O,S0010-0,664
STARTER_V2,PMT_AU,O,S0010-0,664
STARTER_V2,PMT_RUN,O,S0010-0,664
STARTER_V2,PMT_STP,O,S0010-0,664
STARTER_V2,PMT_STR,O,S0010-0,664
STARTER_V2,PR_TRP,I,S0010-0,662
STARTER_V2,PR_TRP_P,O,S0010-0,664
STARTER_V2,PR_TR_A,O,S0010-0,664
STARTER_V2,PWR_FL_TMR,I,S0010-0,663
STARTER_V2,RACKD_OT,O,S0010-0,664
STARTER_V2,RCKD_IN,I,S0010-0,662
STARTER_V2,RCKD_IN_P,O,S0010-0,664
STARTER_V2,RDY_STP,I,S0010-0,662
STARTER_V2,RDY_STR,I,S0010-0,662
STARTER_V2,REJ_MN,O,S0010-0,664
STARTER_V2,REMOTE,I,S0010-0,662
STARTER_V2,REM_P,O,S0010-0,664
STARTER_V2,RUN_FLR,O,S0010-0,664
STARTER_V2,STP_FLR,O,S0010-0,664
STARTER_V2,STP_PMT,I,S0010-0,662
STARTER_V2,STR_PMT,I,S0010-0,662
STARTER_V2,TK,I,S0010-0,662
STARTER_V2,TMR,O,S0010-0,664
STARTER_V2,TRIPPED,O,S0010-0,664
STARTER_V2,TRP_OVR,I,S0010-0,662
STARTER_V2,VOLT_MON_P,O,S0010-0,664
STARTER_V3,AUTO,O,S0010-0,681
STARTER_V3,AUTO_P,O,S0010-0,681
STARTER_V3,AUTO_REQ,O,S0010-0,681
STARTER_V3,AU_PMT,I,S0010-0,679
STARTER_V3,AU_REQ,O,GEI-100679~STARTER,279
STARTER_V3,AU_SEL,I,S0010-0,679
STARTER_V3,AU_STP,I,S0010-0,679
STARTER_V3,AU_STR,I,S0010-0,679
STARTER_V3,AVAIL,I,S0010-0,679
STARTER_V3,AVAIL_A,O,S0010-0,681
STARTER_V3,AVAIL_P,O,S0010-0,681
STARTER_V3,CONGR_A,O,S0010-0,681
STARTER_V3,CP_F_A,O,S0010-0,681
STARTER_V3,CP_OK,I,S0010-0,679
STARTER_V3,CP_OK_P,O,S0010-0,681
STARTER_V3,CTL,I,S0010-0,680
STARTER_V3,FAULT,O,S0010-0,681
STARTER_V3,FAULT_RESET,I,S0010-0,679
STARTER_V3,FL_SP_A,O,S0010-0,681
STARTER_V3,FL_SP_T,I,S0010-0,680
STARTER_V3,FL_ST_A,O,S0010-0,681
STARTER_V3,FL_ST_T,I,S0010-0,680
STARTER_V3,FRC_OFF,O,S0010-0,681
STARTER_V3,FRC_OFFB,O,GEI-100679~STARTER,280
STARTER_V3,FRC_ON,O,S0010-0,681
STARTER_V3,FRC_ONB,O,GEI-100679~STARTER,280
STARTER_V3,FUSE_MON_P,O,S0010-0,681
STARTER_V3,IO_MON,I,S0010-0,680
STARTER_V3,IO_OPT,I,S0010-0,680
STARTER_V3,LDLG_ORDER,I,S0010-0,679
STARTER_V3,LDLG_P,O,S0010-0,681
STARTER_V3,LOCAL,O,S0010-0,681
STARTER_V3,LOCK,O,S0010-0,681
STARTER_V3,LOCK_P,O,S0010-0,681
STARTER_V3,MN_REJ,I,S0010-0,679
STARTER_V3,MN_REJ_A,O,S0010-0,681
STARTER_V3,MODE,O,S0010-0,681
STARTER_V3,MODE_OPT,I,S0010-0,680
STARTER_V3,MOM_OUT_P,O,S0010-0,681
STARTER_V3,OFF,O,S0010-0,681
STARTER_V3,OFF_FRC,I,S0010-0,679
STARTER_V3,OFF_INP,I,S0010-0,679
STARTER_V3,OFF_INP_P,O,S0010-0,681
STARTER_V3,OFF_ORD,O,S0010-0,681
STARTER_V3,ON,O,S0010-0,681
STARTER_V3,ON_FRC,I,S0010-0,679
STARTER_V3,ON_INP,I,S0010-0,679
STARTER_V3,ON_ORD,O,S0010-0,681
STARTER_V3,OUT,O,GEI-100679~STARTER,279
STARTER_V3,OVR_TRP,O,S0010-0,681
STARTER_V3,OVR_TRPB,O,GEI-100679~STARTER,280
STARTER_V3,PBSTATE,O,GEI-100679~STARTER,280
STARTER_V3,PMT_AU,O,S0010-0,681
STARTER_V3,PMT_AUB,O,GEI-100679~STARTER,280
STARTER_V3,PMT_RUN,O,S0010-0,681
STARTER_V3,PMT_STP,O,S0010-0,681
STARTER_V3,PMT_STPB,O,GEI-100679~STARTER,281
STARTER_V3,PMT_STR,O,S0010-0,681
STARTER_V3,PMT_STRB,O,GEI-100679~STARTER,281
STARTER_V3,PR_TRP,I,S0010-0,679
STARTER_V3,PR_TRP_P,O,S0010-0,681
STARTER_V3,PR_TR_A,O,S0010-0,681
STARTER_V3,PWR_FL_TMR,I,S0010-0,680
STARTER_V3,RACKD_OT,O,S0010-0~STARTER_V2,664
STARTER_V3,RCKD_IN,I,S0010-0,679
STARTER_V3,RCKD_IN_P,O,S0010-0,681
STARTER_V3,RCKD_OT,O,S0010-0,681
STARTER_V3,RDY_STP,I,S0010-0,679
STARTER_V3,RDY_STR,I,S0010-0,679
STARTER_V3,REJ_MN,O,S0010-0,681
STARTER_V3,REJ_MNB,O,GEI-100679~STARTER,281
STARTER_V3,REMOTE,I,S0010-0,679
STARTER_V3,REM_P,O,S0010-0,681
STARTER_V3,RUN_FLR,O,S0010-0,681
STARTER_V3,STP_FLR,O,S0010-0,681
STARTER_V3,STP_PMT,I,S0010-0,679
STARTER_V3,STR_PMT,I,S0010-0,679
STARTER_V3,TK,I,S0010-0,679
STARTER_V3,TMR,O,S0010-0,681
STARTER_V3,TRIPPED,O,S0010-0,681
STARTER_V3,TRP_OVR,I,S0010-0,679
STARTER_V3,VOLT_MON_P,O,S0010-0,681
STATUS_COMBINE,IN,I,S0014-B,250
STATUS_COMBINE,IN_S,I,S0014-B,250
STATUS_COMBINE,OUT,O,S0014-B,250
STATUS_SPLIT,BAD,O,S0014-B,258
STATUS_SPLIT,GOOD,O,S0014-B,258
STATUS_SPLIT,IN,I,S0014-B,258
STATUS_SPLIT,POOR,O,S0014-B,258
STATUS_SPLIT,STATUS,O,S0014-B,258
STATUS_SPLIT,VALUE,O,S0014-B,258
STEAMTABLE,FUNC,I,GEI-100679,292
STEAMTABLE,IN_ENTH,I,GEI-100679,292
STEAMTABLE,IN_ENTR,I,GEI-100679,292
STEAMTABLE,IN_P,I,GEI-100679,292
STEAMTABLE,IN_PATM,I,GEI-100679,292
STEAMTABLE,IN_T,I,GEI-100679,292
STEAMTABLE,MEAS_SYS,I,GEI-100679,292
STEAMTABLE,OUT_DENS,O,GEI-100679,293
STEAMTABLE,OUT_ENTH,O,GEI-100679,293
STEAMTABLE,OUT_ENTR,O,GEI-100679,293
STEAMTABLE,OUT_P,O,GEI-100679,293
STEAMTABLE,OUT_T,O,GEI-100679,293
STEAMTABLE,OUT_VOL,O,GEI-100679,293
STEAMTABLE_STATUS,FUNC,I,GEI-100679~STEAMTABLE,292
STEAMTABLE_STATUS,IN_ENTH,I,GEI-100679~STEAMTABLE,292
STEAMTABLE_STATUS,IN_ENTR,I,GEI-100679~STEAMTABLE,292
STEAMTABLE_STATUS,IN_P,I,GEI-100679~STEAMTABLE,292
STEAMTABLE_STATUS,IN_PATM,I,GEI-100679~STEAMTABLE,292
STEAMTABLE_STATUS,IN_T,I,GEI-100679~STEAMTABLE,292
STEAMTABLE_STATUS,MEAS_SYS,I,GEI-100679~STEAMTABLE,292
STEAMTABLE_STATUS,OUT_DENS,O,GEI-100679~STEAMTABLE,293
STEAMTABLE_STATUS,OUT_ENTH,O,GEI-100679~STEAMTABLE,293
STEAMTABLE_STATUS,OUT_ENTR,O,GEI-100679~STEAMTABLE,293
STEAMTABLE_STATUS,OUT_P,O,GEI-100679~STEAMTABLE,293
STEAMTABLE_STATUS,OUT_T,O,GEI-100679~STEAMTABLE,293
STEAMTABLE_STATUS,OUT_VOL,O,GEI-100679~STEAMTABLE,293
STEAMTABLE_V2,FUNC,I,S0010-0,694
STEAMTABLE_V2,IN_ENTH,I,S0010-0,694
STEAMTABLE_V2,IN_ENTR,I,S0010-0,694
STEAMTABLE_V2,IN_P,I,S0010-0,694
STEAMTABLE_V2,IN_PATM,I,S0010-0,694
STEAMTABLE_V2,IN_T,I,S0010-0,694
STEAMTABLE_V2,MEAS_SYS,I,S0010-0,694
STEAMTABLE_V2,OUT_DENS,O,S0010-0,694
STEAMTABLE_V2,OUT_ENTH,O,S0010-0,694
STEAMTABLE_V2,OUT_ENTR,O,S0010-0,694
STEAMTABLE_V2,OUT_P,O,S0010-0,694
STEAMTABLE_V2,OUT_T,O,S0010-0,694
STEAMTABLE_V2,OUT_VOL,O,S0010-0,694
STEER,ACT,O,S0014-B,259
STEER,CASC,O,S0014-B,259
STEER,CLR,I,S0014-B,259
STEER,ENABLE,I,S0014-B,259
STEER,IN,I,S0014-B,259
STEER,OUT1,O,S0014-B,259
STEER,OUT10,O,S0014-B,259
STEER,OUT11,O,S0014-B,259
STEER,OUT12,O,S0014-B,259
STEER,OUT13,O,S0014-B,259
STEER,OUT14,O,S0014-B,259
STEER,OUT15,O,S0014-B,259
STEER,OUT16,O,S0014-B,259
STEER,OUT17,O,S0014-B,259
STEER,OUT18,O,S0014-B,259
STEER,OUT19,O,S0014-B,259
STEER,OUT2,O,S0014-B,259
STEER,OUT20,O,S0014-B,259
STEER,OUT21,O,S0014-B,259
STEER,OUT22,O,S0014-B,259
STEER,OUT23,O,S0014-B,259
STEER,OUT24,O,S0014-B,259
STEER,OUT25,O,S0014-B,259
STEER,OUT26,O,S0014-B,259
STEER,OUT27,O,S0014-B,259
STEER,OUT28,O,S0014-B,259
STEER,OUT29,O,S0014-B,259
STEER,OUT3,O,S0014-B,259
STEER,OUT30,O,S0014-B,259
STEER,OUT31,O,S0014-B,259
STEER,OUT32,O,S0014-B,259
STEER,OUT4,O,S0014-B,259
STEER,OUT5,O,S0014-B,259
STEER,OUT6,O,S0014-B,259
STEER,OUT7,O,S0014-B,259
STEER,OUT8,O,S0014-B,259
STEER,OUT9,O,S0014-B,259
STEER,SEL1,I,S0014-B,259
STEER,SEL10,I,S0014-B,259
STEER,SEL11,I,S0014-B,259
STEER,SEL12,I,S0014-B,259
STEER,SEL13,I,S0014-B,259
STEER,SEL14,I,S0014-B,259
STEER,SEL15,I,S0014-B,259
STEER,SEL16,I,S0014-B,259
STEER,SEL17,I,S0014-B,259
STEER,SEL18,I,S0014-B,259
STEER,SEL19,I,S0014-B,259
STEER,SEL2,I,S0014-B,259
STEER,SEL20,I,S0014-B,259
STEER,SEL21,I,S0014-B,259
STEER,SEL22,I,S0014-B,259
STEER,SEL23,I,S0014-B,259
STEER,SEL24,I,S0014-B,259
STEER,SEL25,I,S0014-B,259
STEER,SEL26,I,S0014-B,259
STEER,SEL27,I,S0014-B,259
STEER,SEL28,I,S0014-B,259
STEER,SEL29,I,S0014-B,259
STEER,SEL3,I,S0014-B,259
STEER,SEL30,I,S0014-B,259
STEER,SEL31,I,S0014-B,259
STEER,SEL32,I,S0014-B,259
STEER,SEL4,I,S0014-B,259
STEER,SEL5,I,S0014-B,259
STEER,SEL6,I,S0014-B,259
STEER,SEL7,I,S0014-B,259
STEER,SEL8,I,S0014-B,259
STEER,SEL9,I,S0014-B,259
SUB,IN1,I,S0014-B,261
SUB,IN2,I,S0014-B,261
SUB,OUT,O,S0014-B,261
SUB_ARRAY_FILL,ENABLE,I,S0014-B,260
SUB_ARRAY_FILL,IN_ARRAY,I,S0014-B,260
SUB_ARRAY_FILL,IN_INDEX,I,S0014-B,260
SUB_ARRAY_FILL,N,I,S0014-B,260
SUB_ARRAY_FILL,OUT_ARRAY,O,S0014-B,260
SUB_ARRAY_FILL,OUT_INDEX,I,S0014-B,260
SUB_STATUS,IN1,I,S0014-B~SUB,261
SUB_STATUS,IN2,I,S0014-B~SUB,261
SUB_STATUS,OUT,O,S0014-B~SUB,261
SUPERHEAT,HYST,I,GEI-100679,295
SUPERHEAT,IN_P,I,GEI-100679,295
SUPERHEAT,IN_PATM,I,GEI-100679,295
SUPERHEAT,IN_T,I,GEI-100679,295
SUPERHEAT,MEAS_SYS,I,GEI-100679,295
SUPERHEAT,OUT,O,GEI-100679,296
SUPERHEAT,SET,I,GEI-100679,295
SUPERHEAT,SH,O,GEI-100679,296
SUPERHEAT_V2,HYST,I,S0010-0,699
SUPERHEAT_V2,IN_P,I,S0010-0,699
SUPERHEAT_V2,IN_PATM,I,S0010-0,699
SUPERHEAT_V2,IN_T,I,S0010-0,699
SUPERHEAT_V2,MEAS_SYS,I,S0010-0,699
SUPERHEAT_V2,OUT,O,S0010-0,699
SUPERHEAT_V2,SET,I,S0010-0,699
SUPERHEAT_V2,SH,O,S0010-0,699
SWITCH,A_RATE,I,S0014-B,262
SWITCH,D_RATE,I,S0014-B,262
SWITCH,F,I,S0014-B,262
SWITCH,OUT,O,S0014-B,262
SWITCH,SEL,I,S0014-B,262
SWITCH,T,I,S0014-B,262
SWITCH_STATUS,A_RATE,I,S0014-B~SWITCH,262
SWITCH_STATUS,D_RATE,I,S0014-B~SWITCH,262
SWITCH_STATUS,F,I,S0014-B~SWITCH,262
SWITCH_STATUS,OUT,O,S0014-B~SWITCH,262
SWITCH_STATUS,SEL,I,S0014-B~SWITCH,262
SWITCH_STATUS,T,I,S0014-B~SWITCH,262
SYS_OUTPUTS,MRESET,I,S0014-B,263
SYS_OUTPUTS,RSTDIAG,I,S0014-B,263
SYS_OUTPUTS,RSTSUIC,I,S0014-B,263
SYS_OUTPUTS,RSTSYS,I,S0014-B,263
S_O_V,AUTO,O,GEI-100679,252
S_O_V,AUTO_P,O,GEI-100679,252
S_O_V,AU_CL,I,GEI-100679,251
S_O_V,AU_OP,I,GEI-100679,251
S_O_V,AU_PMT,I,GEI-100679,251
S_O_V,AU_REQ,O,GEI-100679,252
S_O_V,AU_SEL,I,GEI-100679,251
S_O_V,CLOSED,O,GEI-100679,253
S_O_V,CL_FLR,O,GEI-100679,252
S_O_V,CL_FRC,I,GEI-100679,251
S_O_V,CL_INP,I,GEI-100679,252
S_O_V,CL_ORD,O,GEI-100679,253
S_O_V,CL_OVR,I,GEI-100679,252
S_O_V,CL_PMT,I,GEI-100679,252
S_O_V,CONGR_A,O,GEI-100679,253
S_O_V,CTL,I,GEI-100679,252
S_O_V,DIS_REJ_FL_P,I,S0010-0,588
S_O_V,DUAL_P,O,GEI-100679,253
S_O_V,FAULT,O,GEI-100679,253
S_O_V,FAULT_RESET,I,GEI-100679,252
S_O_V,FL_CL_A,O,GEI-100679,253
S_O_V,FL_CL_T,I,GEI-100679,252
S_O_V,FL_OP_A,O,GEI-100679,253
S_O_V,FL_OP_T,I,GEI-100679,252
S_O_V,FRC_CL,O,GEI-100679,253
S_O_V,FRC_CLB,O,GEI-100679,253
S_O_V,FRC_OP,O,GEI-100679,253
S_O_V,FRC_OPB,O,GEI-100679,253
S_O_V,FS_OP_P,O,GEI-100679,253
S_O_V,FUSE_MON_P,O,GEI-100679,253
S_O_V,IO_MON,I,GEI-100679,252
S_O_V,IO_OPT,I,GEI-100679,252
S_O_V,LOCK,O,GEI-100679,253
S_O_V,LOCK_P,O,GEI-100679,253
S_O_V,MN_REJ,I,GEI-100679,252
S_O_V,MN_REJ_A,O,GEI-100679,253
S_O_V,MODE,O,GEI-100679,253
S_O_V,MODE_OPT,I,GEI-100679,252
S_O_V,OPEN,O,GEI-100679,253
S_O_V,OP_FLR,O,GEI-100679,253
S_O_V,OP_FRC,I,GEI-100679,252
S_O_V,OP_INP,I,GEI-100679,252
S_O_V,OP_ORD,O,GEI-100679,253
S_O_V,OP_OVR,I,GEI-100679,252
S_O_V,OP_PMT,I,GEI-100679,252
S_O_V,OUT,O,GEI-100679,252
S_O_V,OVR_CL,O,GEI-100679,253
S_O_V,OVR_CLB,O,GEI-100679,254
S_O_V,OVR_OP,O,GEI-100679,254
S_O_V,OVR_OPB,O,GEI-100679,254
S_O_V,PBSTATE,O,GEI-100679,254
S_O_V,PMT_AU,O,S0010-0,589
S_O_V,PMT_AUB,O,S0010-0,589
S_O_V,PMT_CL,O,S0010-0,589
S_O_V,PMT_CLB,O,S0010-0,589
S_O_V,PMT_OP,O,S0010-0,589
S_O_V,PMT_OPB,O,S0010-0,589
S_O_V,PWR_FL_TMR,I,GEI-100679,252
S_O_V,RDY_CL,I,GEI-100679,252
S_O_V,RDY_OP,I,GEI-100679,252
S_O_V,RDY_SV,I,GEI-100679,252
S_O_V,REJ_MN,O,S0010-0,589
S_O_V,REJ_MNB,O,S0010-0,589
S_O_V,SV_FLR,O,S0010-0,589
S_O_V,SV_ORD,O,S0010-0,589
S_O_V,TRIPPED,O,S0010-0,589
S_O_V,VOLT_MON_P,O,S0010-0,589
S_O_V_V2,AUTO,O,S0010-0,605
S_O_V_V2,AUTO_P,O,S0010-0,605
S_O_V_V2,AU_CL,I,S0010-0,604
S_O_V_V2,AU_OP,I,S0010-0,604
S_O_V_V2,AU_PMT,I,S0010-0,604
S_O_V_V2,AU_REQ,O,S0010-0,605
S_O_V_V2,AU_SEL,I,S0010-0,604
S_O_V_V2,CLOSED,O,S0010-0,605
S_O_V_V2,CL_FLR,O,S0010-0,605
S_O_V_V2,CL_FRC,I,S0010-0,604
S_O_V_V2,CL_INP,I,S0010-0,604
S_O_V_V2,CL_ORD,O,S0010-0,605
S_O_V_V2,CL_OVR,I,S0010-0,604
S_O_V_V2,CL_PMT,I,S0010-0,604
S_O_V_V2,CONGR_A,O,S0010-0,605
S_O_V_V2,CTL,I,S0010-0,604
S_O_V_V2,DIS_REJ_FL_P,I,S0010-0,604
S_O_V_V2,DUAL_P,O,S0010-0,605
S_O_V_V2,FAULT,O,S0010-0,605
S_O_V_V2,FAULT_RESET,I,S0010-0,604
S_O_V_V2,FL_CL_A,O,S0010-0,605
S_O_V_V2,FL_CL_T,I,S0010-0,604
S_O_V_V2,FL_OP_A,O,S0010-0,605
S_O_V_V2,FL_OP_T,I,S0010-0,604
S_O_V_V2,FRC_CL,O,S0010-0,605
S_O_V_V2,FRC_OP,O,S0010-0,605
S_O_V_V2,FS_OP_P,O,S0010-0,605
S_O_V_V2,FUSE_MON_P,O,S0010-0,605
S_O_V_V2,IO_MON,I,S0010-0,604
S_O_V_V2,IO_OPT,I,S0010-0,604
S_O_V_V2,LOCK,O,S0010-0,605
S_O_V_V2,LOCK_P,O,S0010-0,605
S_O_V_V2,MN_REJ,I,S0010-0,604
S_O_V_V2,MN_REJ_A,O,S0010-0,605
S_O_V_V2,MODE,O,S0010-0,605
S_O_V_V2,MODE_OPT,I,S0010-0,604
S_O_V_V2,OPEN,O,S0010-0,605
S_O_V_V2,OP_FLR,O,S0010-0,605
S_O_V_V2,OP_FRC,I,S0010-0,604
S_O_V_V2,OP_INP,I,S0010-0,604
S_O_V_V2,OP_ORD,O,S0010-0,605
S_O_V_V2,OP_OVR,I,S0010-0,604
S_O_V_V2,OP_PMT,I,S0010-0,604
S_O_V_V2,OVR_CL,O,S0010-0,605
S_O_V_V2,OVR_OP,O,S0010-0,605
S_O_V_V2,PMT_AU,O,S0010-0,605
S_O_V_V2,PMT_CL,O,S0010-0,605
S_O_V_V2,PMT_OP,O,S0010-0,605
S_O_V_V2,PWR_FL_TMR,I,S0010-0,604
S_O_V_V2,RDY_CL,I,S0010-0,604
S_O_V_V2,RDY_OP,I,S0010-0,604
S_O_V_V2,RDY_SV,I,S0010-0,604
S_O_V_V2,SV_FLR,O,S0010-0,605
S_O_V_V2,SV_ORD,O,S0010-0,605
S_O_V_V2,TRIPPED,O,S0010-0,605
S_O_V_V2,VOLT_MON_P,O,S0010-0,605
S_O_V_V3,AUTO,O,S0010-0,619
S_O_V_V3,AUTO_P,O,S0010-0,619
S_O_V_V3,AU_CL,I,S0010-0,618
S_O_V_V3,AU_OP,I,S0010-0,618
S_O_V_V3,AU_PMT,I,S0010-0,618
S_O_V_V3,AU_REQ,O,S0010-0,619
S_O_V_V3,AU_SEL,I,S0010-0,618
S_O_V_V3,CLOSED,O,S0010-0,619
S_O_V_V3,CL_FLR,O,S0010-0,619
S_O_V_V3,CL_FRC,I,S0010-0,618
S_O_V_V3,CL_INP,I,S0010-0,618
S_O_V_V3,CL_ORD,O,S0010-0,619
S_O_V_V3,CL_OVR,I,S0010-0,618
S_O_V_V3,CL_PMT,I,S0010-0,618
S_O_V_V3,CONGR_A,O,S0010-0,619
S_O_V_V3,CTL,I,S0010-0,618
S_O_V_V3,DIS_REJ_FL_P,I,S0010-0,618
S_O_V_V3,DUAL_P,O,S0010-0,619
S_O_V_V3,FAULT,O,S0010-0,619
S_O_V_V3,FAULT_RESET,I,S0010-0,618
S_O_V_V3,FL_CL_A,O,S0010-0,619
S_O_V_V3,FL_CL_T,I,S0010-0,618
S_O_V_V3,FL_OP_A,O,S0010-0,619
S_O_V_V3,FL_OP_T,I,S0010-0,618
S_O_V_V3,FRC_CL,O,S0010-0,619
S_O_V_V3,FRC_CLB,O,GEI-100679~S_O_V,253
S_O_V_V3,FRC_OP,O,S0010-0,619
S_O_V_V3,FRC_OPB,O,GEI-100679~S_O_V,253
S_O_V_V3,FS_OP_P,O,S0010-0,619
S_O_V_V3,FUSE_MON_P,O,S0010-0,619
S_O_V_V3,IO_MON,I,S0010-0,618
S_O_V_V3,IO_OPT,I,S0010-0,618
S_O_V_V3,LOCK,O,S0010-0,619
S_O_V_V3,LOCK_P,O,S0010-0,619
S_O_V_V3,MN_REJ,I,S0010-0,618
S_O_V_V3,MN_REJ_A,O,S0010-0,619
S_O_V_V3,MODE,O,S0010-0,619
S_O_V_V3,MODE_OPT,I,S0010-0,618
S_O_V_V3,OPEN,O,S0010-0,619
S_O_V_V3,OP_FLR,O,S0010-0,619
S_O_V_V3,OP_FRC,I,S0010-0,618
S_O_V_V3,OP_INP,I,S0010-0,618
S_O_V_V3,OP_ORD,O,S0010-0,619
S_O_V_V3,OP_OVR,I,S0010-0,618
S_O_V_V3,OP_PMT,I,S0010-0,618
S_O_V_V3,OUT,O,GEI-100679~S_O_V,252
S_O_V_V3,OVR_CL,O,S0010-0,619
S_O_V_V3,OVR_CLB,O,GEI-100679~S_O_V,254
S_O_V_V3,OVR_OP,O,S0010-0,619
S_O_V_V3,OVR_OPB,O,GEI-100679~S_O_V,254
S_O_V_V3,PBSTATE,O,GEI-100679~S_O_V,254
S_O_V_V3,PMT_AU,O,S0010-0,619
S_O_V_V3,PMT_AUB,O,S0010-0~S_O_V,589
S_O_V_V3,PMT_CL,O,S0010-0,619
S_O_V_V3,PMT_CLB,O,S0010-0~S_O_V,589
S_O_V_V3,PMT_OP,O,S0010-0,619
S_O_V_V3,PMT_OPB,O,S0010-0~S_O_V,589
S_O_V_V3,PWR_FL_TMR,I,S0010-0,618
S_O_V_V3,RDY_CL,I,S0010-0,618
S_O_V_V3,RDY_OP,I,S0010-0,618
S_O_V_V3,RDY_SV,I,S0010-0,618
S_O_V_V3,REJ_MN,O,S0010-0~S_O_V,589
S_O_V_V3,REJ_MNB,O,S0010-0~S_O_V,589
S_O_V_V3,SV_FLR,O,S0010-0,619
S_O_V_V3,SV_ORD,O,S0010-0,619
S_O_V_V3,TRIPPED,O,S0010-0,619
S_O_V_V3,VOLT_MON_P,O,S0010-0,619
TEMP_STATUS,HYST,I,S0014-B,266
TEMP_STATUS,ID,I,S0014-B,266
TEMP_STATUS,OTPROT,I,S0014-B,266
TEMP_STATUS,THLD,I,S0014-B,266
TEMP_STATUS,USR_ENA,I,S0014-B,266
TIMER,AT_TIME,O,S0014-B,272
TIMER,AUTO_RS,I,S0014-B,272
TIMER,CURTIME,O,S0014-B,272
TIMER,LAST_CURTIME,S,S0014-B,272
TIMER,LAST_UDINT,S,STD-revAG,267
TIMER,MAXTIME,I,S0014-B,272
TIMER,RESET,I,S0014-B,272
TIMER,RUN,I,S0014-B,272
TIMER_V2,AT_TIME,O,S0014-B,274
TIMER_V2,AUTO_RS,I,S0014-B,274
TIMER_V2,CURTIME,O,S0014-B,274
TIMER_V2,LAST_CURTIME,S,S0014-B,274
TIMER_V2,LAST_UDINT,S,STD-revAG,269
TIMER_V2,MAXTIME,I,S0014-B,274
TIMER_V2,RESET,I,S0014-B,274
TIMER_V2,RUN,I,S0014-B,274
TIME_MON,DAY,O,S0014-B,270
TIME_MON,DAY_SP,I,S0014-B,270
TIME_MON,DLST,I,S0014-B,270
TIME_MON,DST_B_DAY,I,S0014-B,270
TIME_MON,DST_B_HR,I,S0014-B,270
TIME_MON,DST_B_MIN,I,S0014-B,270
TIME_MON,DST_B_MON,I,S0014-B,270
TIME_MON,DST_E_DAY,I,S0014-B,270
TIME_MON,DST_E_HR,I,S0014-B,270
TIME_MON,DST_E_MIN,I,S0014-B,270
TIME_MON,DST_E_MON,I,S0014-B,270
TIME_MON,FLAG,O,S0014-B,270
TIME_MON,HR,O,S0014-B,270
TIME_MON,HR_SP,I,S0014-B,270
TIME_MON,LOCKED,O,S0014-B,270
TIME_MON,MIN,O,S0014-B,270
TIME_MON,MIN_SP,I,S0014-B,270
TIME_MON,MON,O,S0014-B,270
TIME_MON,MON_SP,I,S0014-B,270
TIME_MON,SEC,O,S0014-B,270
TIME_MON,SEC_SP,I,S0014-B,270
TIME_MON,T_DIF,I,S0014-B,270
TIME_MON,UTCTIME,O,S0014-B,270
TIME_MON,YR,O,S0014-B,270
TIME_MON,YR_SP,I,S0014-B,270
TOTALIZER,INC1,I,S0014-B,275
TOTALIZER,INC10,I,S0014-B,275
TOTALIZER,INC100,I,S0014-B,275
TOTALIZER,INC101,I,S0014-B,275
TOTALIZER,INC102,I,S0014-B,275
TOTALIZER,INC103,I,S0014-B,275
TOTALIZER,INC104,I,S0014-B,275
TOTALIZER,INC105,I,S0014-B,275
TOTALIZER,INC106,I,S0014-B,275
TOTALIZER,INC107,I,S0014-B,275
TOTALIZER,INC108,I,S0014-B,275
TOTALIZER,INC109,I,S0014-B,275
TOTALIZER,INC11,I,S0014-B,275
TOTALIZER,INC110,I,S0014-B,275
TOTALIZER,INC111,I,S0014-B,275
TOTALIZER,INC112,I,S0014-B,275
TOTALIZER,INC113,I,S0014-B,275
TOTALIZER,INC114,I,S0014-B,275
TOTALIZER,INC115,I,S0014-B,275
TOTALIZER,INC116,I,S0014-B,275
TOTALIZER,INC117,I,S0014-B,275
TOTALIZER,INC118,I,S0014-B,275
TOTALIZER,INC119,I,S0014-B,275
TOTALIZER,INC12,I,S0014-B,275
TOTALIZER,INC120,I,S0014-B,275
TOTALIZER,INC121,I,S0014-B,275
TOTALIZER,INC122,I,S0014-B,275
TOTALIZER,INC123,I,S0014-B,275
TOTALIZER,INC124,I,S0014-B,275
TOTALIZER,INC125,I,S0014-B,275
TOTALIZER,INC126,I,S0014-B,275
TOTALIZER,INC127,I,S0014-B,275
TOTALIZER,INC128,I,S0014-B,275
TOTALIZER,INC13,I,S0014-B,275
TOTALIZER,INC14,I,S0014-B,275
TOTALIZER,INC15,I,S0014-B,275
TOTALIZER,INC16,I,S0014-B,275
TOTALIZER,INC17,I,S0014-B,275
TOTALIZER,INC18,I,S0014-B,275
TOTALIZER,INC19,I,S0014-B,275
TOTALIZER,INC2,I,S0014-B,275
TOTALIZER,INC20,I,S0014-B,275
TOTALIZER,INC21,I,S0014-B,275
TOTALIZER,INC22,I,S0014-B,275
TOTALIZER,INC23,I,S0014-B,275
TOTALIZER,INC24,I,S0014-B,275
TOTALIZER,INC25,I,S0014-B,275
TOTALIZER,INC26,I,S0014-B,275
TOTALIZER,INC27,I,S0014-B,275
TOTALIZER,INC28,I,S0014-B,275
TOTALIZER,INC29,I,S0014-B,275
TOTALIZER,INC3,I,S0014-B,275
TOTALIZER,INC30,I,S0014-B,275
TOTALIZER,INC31,I,S0014-B,275
TOTALIZER,INC32,I,S0014-B,275
TOTALIZER,INC33,I,S0014-B,275
TOTALIZER,INC34,I,S0014-B,275
TOTALIZER,INC35,I,S0014-B,275
TOTALIZER,INC36,I,S0014-B,275
TOTALIZER,INC37,I,S0014-B,275
TOTALIZER,INC38,I,S0014-B,275
TOTALIZER,INC39,I,S0014-B,275
TOTALIZER,INC4,I,S0014-B,275
TOTALIZER,INC40,I,S0014-B,275
TOTALIZER,INC41,I,S0014-B,275
TOTALIZER,INC42,I,S0014-B,275
TOTALIZER,INC43,I,S0014-B,275
TOTALIZER,INC44,I,S0014-B,275
TOTALIZER,INC45,I,S0014-B,275
TOTALIZER,INC46,I,S0014-B,275
TOTALIZER,INC47,I,S0014-B,275
TOTALIZER,INC48,I,S0014-B,275
TOTALIZER,INC49,I,S0014-B,275
TOTALIZER,INC5,I,S0014-B,275
TOTALIZER,INC50,I,S0014-B,275
TOTALIZER,INC51,I,S0014-B,275
TOTALIZER,INC52,I,S0014-B,275
TOTALIZER,INC53,I,S0014-B,275
TOTALIZER,INC54,I,S0014-B,275
TOTALIZER,INC55,I,S0014-B,275
TOTALIZER,INC56,I,S0014-B,275
TOTALIZER,INC57,I,S0014-B,275
TOTALIZER,INC58,I,S0014-B,275
TOTALIZER,INC59,I,S0014-B,275
TOTALIZER,INC6,I,S0014-B,275
TOTALIZER,INC60,I,S0014-B,275
TOTALIZER,INC61,I,S0014-B,275
TOTALIZER,INC62,I,S0014-B,275
TOTALIZER,INC63,I,S0014-B,275
TOTALIZER,INC64,I,S0014-B,275
TOTALIZER,INC65,I,S0014-B,275
TOTALIZER,INC66,I,S0014-B,275
TOTALIZER,INC67,I,S0014-B,275
TOTALIZER,INC68,I,S0014-B,275
TOTALIZER,INC69,I,S0014-B,275
TOTALIZER,INC7,I,S0014-B,275
TOTALIZER,INC70,I,S0014-B,275
TOTALIZER,INC71,I,S0014-B,275
TOTALIZER,INC72,I,S0014-B,275
TOTALIZER,INC73,I,S0014-B,275
TOTALIZER,INC74,I,S0014-B,275
TOTALIZER,INC75,I,S0014-B,275
TOTALIZER,INC76,I,S0014-B,275
TOTALIZER,INC77,I,S0014-B,275
TOTALIZER,INC78,I,S0014-B,275
TOTALIZER,INC79,I,S0014-B,275
TOTALIZER,INC8,I,S0014-B,275
TOTALIZER,INC80,I,S0014-B,275
TOTALIZER,INC81,I,S0014-B,275
TOTALIZER,INC82,I,S0014-B,275
TOTALIZER,INC83,I,S0014-B,275
TOTALIZER,INC84,I,S0014-B,275
TOTALIZER,INC85,I,S0014-B,275
TOTALIZER,INC86,I,S0014-B,275
TOTALIZER,INC87,I,S0014-B,275
TOTALIZER,INC88,I,S0014-B,275
TOTALIZER,INC89,I,S0014-B,275
TOTALIZER,INC9,I,S0014-B,275
TOTALIZER,INC90,I,S0014-B,275
TOTALIZER,INC91,I,S0014-B,275
TOTALIZER,INC92,I,S0014-B,275
TOTALIZER,INC93,I,S0014-B,275
TOTALIZER,INC94,I,S0014-B,275
TOTALIZER,INC95,I,S0014-B,275
TOTALIZER,INC96,I,S0014-B,275
TOTALIZER,INC97,I,S0014-B,275
TOTALIZER,INC98,I,S0014-B,275
TOTALIZER,INC99,I,S0014-B,275
TOTALIZER,ROLL1,O,S0014-B,275
TOTALIZER,ROLL10,O,S0014-B,275
TOTALIZER,ROLL100,O,S0014-B,275
TOTALIZER,ROLL101,O,S0014-B,275
TOTALIZER,ROLL102,O,S0014-B,275
TOTALIZER,ROLL103,O,S0014-B,275
TOTALIZER,ROLL104,O,S0014-B,275
TOTALIZER,ROLL105,O,S0014-B,275
TOTALIZER,ROLL106,O,S0014-B,275
TOTALIZER,ROLL107,O,S0014-B,275
TOTALIZER,ROLL108,O,S0014-B,275
TOTALIZER,ROLL109,O,S0014-B,275
TOTALIZER,ROLL11,O,S0014-B,275
TOTALIZER,ROLL110,O,S0014-B,275
TOTALIZER,ROLL111,O,S0014-B,275
TOTALIZER,ROLL112,O,S0014-B,275
TOTALIZER,ROLL113,O,S0014-B,275
TOTALIZER,ROLL114,O,S0014-B,275
TOTALIZER,ROLL115,O,S0014-B,275
TOTALIZER,ROLL116,O,S0014-B,275
TOTALIZER,ROLL117,O,S0014-B,275
TOTALIZER,ROLL118,O,S0014-B,275
TOTALIZER,ROLL119,O,S0014-B,275
TOTALIZER,ROLL12,O,S0014-B,275
TOTALIZER,ROLL120,O,S0014-B,275
TOTALIZER,ROLL121,O,S0014-B,275
TOTALIZER,ROLL122,O,S0014-B,275
TOTALIZER,ROLL123,O,S0014-B,275
TOTALIZER,ROLL124,O,S0014-B,275
TOTALIZER,ROLL125,O,S0014-B,275
TOTALIZER,ROLL126,O,S0014-B,275
TOTALIZER,ROLL127,O,S0014-B,275
TOTALIZER,ROLL128,O,S0014-B,275
TOTALIZER,ROLL13,O,S0014-B,275
TOTALIZER,ROLL14,O,S0014-B,275
TOTALIZER,ROLL15,O,S0014-B,275
TOTALIZER,ROLL16,O,S0014-B,275
TOTALIZER,ROLL17,O,S0014-B,275
TOTALIZER,ROLL18,O,S0014-B,275
TOTALIZER,ROLL19,O,S0014-B,275
TOTALIZER,ROLL2,O,S0014-B,275
TOTALIZER,ROLL20,O,S0014-B,275
TOTALIZER,ROLL21,O,S0014-B,275
TOTALIZER,ROLL22,O,S0014-B,275
TOTALIZER,ROLL23,O,S0014-B,275
TOTALIZER,ROLL24,O,S0014-B,275
TOTALIZER,ROLL25,O,S0014-B,275
TOTALIZER,ROLL26,O,S0014-B,275
TOTALIZER,ROLL27,O,S0014-B,275
TOTALIZER,ROLL28,O,S0014-B,275
TOTALIZER,ROLL29,O,S0014-B,275
TOTALIZER,ROLL3,O,S0014-B,275
TOTALIZER,ROLL30,O,S0014-B,275
TOTALIZER,ROLL31,O,S0014-B,275
TOTALIZER,ROLL32,O,S0014-B,275
TOTALIZER,ROLL33,O,S0014-B,275
TOTALIZER,ROLL34,O,S0014-B,275
TOTALIZER,ROLL35,O,S0014-B,275
TOTALIZER,ROLL36,O,S0014-B,275
TOTALIZER,ROLL37,O,S0014-B,275
TOTALIZER,ROLL38,O,S0014-B,275
TOTALIZER,ROLL39,O,S0014-B,275
TOTALIZER,ROLL4,O,S0014-B,275
TOTALIZER,ROLL40,O,S0014-B,275
TOTALIZER,ROLL41,O,S0014-B,275
TOTALIZER,ROLL42,O,S0014-B,275
TOTALIZER,ROLL43,O,S0014-B,275
TOTALIZER,ROLL44,O,S0014-B,275
TOTALIZER,ROLL45,O,S0014-B,275
TOTALIZER,ROLL46,O,S0014-B,275
TOTALIZER,ROLL47,O,S0014-B,275
TOTALIZER,ROLL48,O,S0014-B,275
TOTALIZER,ROLL49,O,S0014-B,275
TOTALIZER,ROLL5,O,S0014-B,275
TOTALIZER,ROLL50,O,S0014-B,275
TOTALIZER,ROLL51,O,S0014-B,275
TOTALIZER,ROLL52,O,S0014-B,275
TOTALIZER,ROLL53,O,S0014-B,275
TOTALIZER,ROLL54,O,S0014-B,275
TOTALIZER,ROLL55,O,S0014-B,275
TOTALIZER,ROLL56,O,S0014-B,275
TOTALIZER,ROLL57,O,S0014-B,275
TOTALIZER,ROLL58,O,S0014-B,275
TOTALIZER,ROLL59,O,S0014-B,275
TOTALIZER,ROLL6,O,S0014-B,275
TOTALIZER,ROLL60,O,S0014-B,275
TOTALIZER,ROLL61,O,S0014-B,275
TOTALIZER,ROLL62,O,S0014-B,275
TOTALIZER,ROLL63,O,S0014-B,275
TOTALIZER,ROLL64,O,S0014-B,275
TOTALIZER,ROLL65,O,S0014-B,275
TOTALIZER,ROLL66,O,S0014-B,275
TOTALIZER,ROLL67,O,S0014-B,275
TOTALIZER,ROLL68,O,S0014-B,275
TOTALIZER,ROLL69,O,S0014-B,275
TOTALIZER,ROLL7,O,S0014-B,275
TOTALIZER,ROLL70,O,S0014-B,275
TOTALIZER,ROLL71,O,S0014-B,275
TOTALIZER,ROLL72,O,S0014-B,275
TOTALIZER,ROLL73,O,S0014-B,275
TOTALIZER,ROLL74,O,S0014-B,275
TOTALIZER,ROLL75,O,S0014-B,275
TOTALIZER,ROLL76,O,S0014-B,275
TOTALIZER,ROLL77,O,S0014-B,275
TOTALIZER,ROLL78,O,S0014-B,275
TOTALIZER,ROLL79,O,S0014-B,275
TOTALIZER,ROLL8,O,S0014-B,275
TOTALIZER,ROLL80,O,S0014-B,275
TOTALIZER,ROLL81,O,S0014-B,275
TOTALIZER,ROLL82,O,S0014-B,275
TOTALIZER,ROLL83,O,S0014-B,275
TOTALIZER,ROLL84,O,S0014-B,275
TOTALIZER,ROLL85,O,S0014-B,275
TOTALIZER,ROLL86,O,S0014-B,275
TOTALIZER,ROLL87,O,S0014-B,275
TOTALIZER,ROLL88,O,S0014-B,275
TOTALIZER,ROLL89,O,S0014-B,275
TOTALIZER,ROLL9,O,S0014-B,275
TOTALIZER,ROLL90,O,S0014-B,275
TOTALIZER,ROLL91,O,S0014-B,275
TOTALIZER,ROLL92,O,S0014-B,275
TOTALIZER,ROLL93,O,S0014-B,275
TOTALIZER,ROLL94,O,S0014-B,275
TOTALIZER,ROLL95,O,S0014-B,275
TOTALIZER,ROLL96,O,S0014-B,275
TOTALIZER,ROLL97,O,S0014-B,275
TOTALIZER,ROLL98,O,S0014-B,275
TOTALIZER,ROLL99,O,S0014-B,275
TOTALIZER,TOTAL1,O,S0014-B,275
TOTALIZER,TOTAL10,O,S0014-B,275
TOTALIZER,TOTAL100,O,S0014-B,275
TOTALIZER,TOTAL101,O,S0014-B,275
TOTALIZER,TOTAL102,O,S0014-B,275
TOTALIZER,TOTAL103,O,S0014-B,275
TOTALIZER,TOTAL104,O,S0014-B,275
TOTALIZER,TOTAL105,O,S0014-B,275
TOTALIZER,TOTAL106,O,S0014-B,275
TOTALIZER,TOTAL107,O,S0014-B,275
TOTALIZER,TOTAL108,O,S0014-B,275
TOTALIZER,TOTAL109,O,S0014-B,275
TOTALIZER,TOTAL11,O,S0014-B,275
TOTALIZER,TOTAL110,O,S0014-B,275
TOTALIZER,TOTAL111,O,S0014-B,275
TOTALIZER,TOTAL112,O,S0014-B,275
TOTALIZER,TOTAL113,O,S0014-B,275
TOTALIZER,TOTAL114,O,S0014-B,275
TOTALIZER,TOTAL115,O,S0014-B,275
TOTALIZER,TOTAL116,O,S0014-B,275
TOTALIZER,TOTAL117,O,S0014-B,275
TOTALIZER,TOTAL118,O,S0014-B,275
TOTALIZER,TOTAL119,O,S0014-B,275
TOTALIZER,TOTAL12,O,S0014-B,275
TOTALIZER,TOTAL120,O,S0014-B,275
TOTALIZER,TOTAL121,O,S0014-B,275
TOTALIZER,TOTAL122,O,S0014-B,275
TOTALIZER,TOTAL123,O,S0014-B,275
TOTALIZER,TOTAL124,O,S0014-B,275
TOTALIZER,TOTAL125,O,S0014-B,275
TOTALIZER,TOTAL126,O,S0014-B,275
TOTALIZER,TOTAL127,O,S0014-B,275
TOTALIZER,TOTAL128,O,S0014-B,275
TOTALIZER,TOTAL13,O,S0014-B,275
TOTALIZER,TOTAL14,O,S0014-B,275
TOTALIZER,TOTAL15,O,S0014-B,275
TOTALIZER,TOTAL16,O,S0014-B,275
TOTALIZER,TOTAL17,O,S0014-B,275
TOTALIZER,TOTAL18,O,S0014-B,275
TOTALIZER,TOTAL19,O,S0014-B,275
TOTALIZER,TOTAL2,O,S0014-B,275
TOTALIZER,TOTAL20,O,S0014-B,275
TOTALIZER,TOTAL21,O,S0014-B,275
TOTALIZER,TOTAL22,O,S0014-B,275
TOTALIZER,TOTAL23,O,S0014-B,275
TOTALIZER,TOTAL24,O,S0014-B,275
TOTALIZER,TOTAL25,O,S0014-B,275
TOTALIZER,TOTAL26,O,S0014-B,275
TOTALIZER,TOTAL27,O,S0014-B,275
TOTALIZER,TOTAL28,O,S0014-B,275
TOTALIZER,TOTAL29,O,S0014-B,275
TOTALIZER,TOTAL3,O,S0014-B,275
TOTALIZER,TOTAL30,O,S0014-B,275
TOTALIZER,TOTAL31,O,S0014-B,275
TOTALIZER,TOTAL32,O,S0014-B,275
TOTALIZER,TOTAL33,O,S0014-B,275
TOTALIZER,TOTAL34,O,S0014-B,275
TOTALIZER,TOTAL35,O,S0014-B,275
TOTALIZER,TOTAL36,O,S0014-B,275
TOTALIZER,TOTAL37,O,S0014-B,275
TOTALIZER,TOTAL38,O,S0014-B,275
TOTALIZER,TOTAL39,O,S0014-B,275
TOTALIZER,TOTAL4,O,S0014-B,275
TOTALIZER,TOTAL40,O,S0014-B,275
TOTALIZER,TOTAL41,O,S0014-B,275
TOTALIZER,TOTAL42,O,S0014-B,275
TOTALIZER,TOTAL43,O,S0014-B,275
TOTALIZER,TOTAL44,O,S0014-B,275
TOTALIZER,TOTAL45,O,S0014-B,275
TOTALIZER,TOTAL46,O,S0014-B,275
TOTALIZER,TOTAL47,O,S0014-B,275
TOTALIZER,TOTAL48,O,S0014-B,275
TOTALIZER,TOTAL49,O,S0014-B,275
TOTALIZER,TOTAL5,O,S0014-B,275
TOTALIZER,TOTAL50,O,S0014-B,275
TOTALIZER,TOTAL51,O,S0014-B,275
TOTALIZER,TOTAL52,O,S0014-B,275
TOTALIZER,TOTAL53,O,S0014-B,275
TOTALIZER,TOTAL54,O,S0014-B,275
TOTALIZER,TOTAL55,O,S0014-B,275
TOTALIZER,TOTAL56,O,S0014-B,275
TOTALIZER,TOTAL57,O,S0014-B,275
TOTALIZER,TOTAL58,O,S0014-B,275
TOTALIZER,TOTAL59,O,S0014-B,275
TOTALIZER,TOTAL6,O,S0014-B,275
TOTALIZER,TOTAL60,O,S0014-B,275
TOTALIZER,TOTAL61,O,S0014-B,275
TOTALIZER,TOTAL62,O,S0014-B,275
TOTALIZER,TOTAL63,O,S0014-B,275
TOTALIZER,TOTAL64,O,S0014-B,275
TOTALIZER,TOTAL65,O,S0014-B,275
TOTALIZER,TOTAL66,O,S0014-B,275
TOTALIZER,TOTAL67,O,S0014-B,275
TOTALIZER,TOTAL68,O,S0014-B,275
TOTALIZER,TOTAL69,O,S0014-B,275
TOTALIZER,TOTAL7,O,S0014-B,275
TOTALIZER,TOTAL70,O,S0014-B,275
TOTALIZER,TOTAL71,O,S0014-B,275
TOTALIZER,TOTAL72,O,S0014-B,275
TOTALIZER,TOTAL73,O,S0014-B,275
TOTALIZER,TOTAL74,O,S0014-B,275
TOTALIZER,TOTAL75,O,S0014-B,275
TOTALIZER,TOTAL76,O,S0014-B,275
TOTALIZER,TOTAL77,O,S0014-B,275
TOTALIZER,TOTAL78,O,S0014-B,275
TOTALIZER,TOTAL79,O,S0014-B,275
TOTALIZER,TOTAL8,O,S0014-B,275
TOTALIZER,TOTAL80,O,S0014-B,275
TOTALIZER,TOTAL81,O,S0014-B,275
TOTALIZER,TOTAL82,O,S0014-B,275
TOTALIZER,TOTAL83,O,S0014-B,275
TOTALIZER,TOTAL84,O,S0014-B,275
TOTALIZER,TOTAL85,O,S0014-B,275
TOTALIZER,TOTAL86,O,S0014-B,275
TOTALIZER,TOTAL87,O,S0014-B,275
TOTALIZER,TOTAL88,O,S0014-B,275
TOTALIZER,TOTAL89,O,S0014-B,275
TOTALIZER,TOTAL9,O,S0014-B,275
TOTALIZER,TOTAL90,O,S0014-B,275
TOTALIZER,TOTAL91,O,S0014-B,275
TOTALIZER,TOTAL92,O,S0014-B,275
TOTALIZER,TOTAL93,O,S0014-B,275
TOTALIZER,TOTAL94,O,S0014-B,275
TOTALIZER,TOTAL95,O,S0014-B,275
TOTALIZER,TOTAL96,O,S0014-B,275
TOTALIZER,TOTAL97,O,S0014-B,275
TOTALIZER,TOTAL98,O,S0014-B,275
TOTALIZER,TOTAL99,O,S0014-B,275
TOTALIZER_PULSE,GAIN,I,GEI-100679,297
TOTALIZER_PULSE,IN,I,GEI-100679,297
TOTALIZER_PULSE,OUT,O,GEI-100679,297
TOTALIZER_PULSE,OUT_LST,O,GEI-100679,297
TOTALIZER_PULSE,PRESET,I,GEI-100679,297
TOTALIZER_PULSE,PR_VAL,I,GEI-100679,297
TOTALIZER_PULSE,RESET,I,GEI-100679,297
TOTALIZER_PULSE,RUN,I,GEI-100679,297
TOTALIZER_RATE,GAIN,I,GEI-100679,298
TOTALIZER_RATE,IN,I,GEI-100679,298
TOTALIZER_RATE,LCO,I,GEI-100679,298
TOTALIZER_RATE,OUT,O,GEI-100679,299
TOTALIZER_RATE,OUT_LST,O,GEI-100679,299
TOTALIZER_RATE,PERIOD,I,GEI-100679,298
TOTALIZER_RATE,PRESET,I,GEI-100679,298
TOTALIZER_RATE,PR_VAL,I,GEI-100679,298
TOTALIZER_RATE,RESET,I,GEI-100679,298
TOTALIZER_RATE,RUN,I,GEI-100679,298
TRACK,OUT,O,S0010-0,704
TRACK,TRK,O,S0010-0,704
TRACK,TRK1,I,S0010-0,704
TRACK,TRK1B,I,S0010-0,704
TRACK,TRK1BE,I,S0010-0,704
TRACK,TRK32,I,S0010-0,704
TRACK,TRK32B,I,S0010-0,704
TRACK,TRK32BE,I,S0010-0,704
TRACK,TRKB,O,S0010-0,704
TRANSFER,A_RATE,I,GEI-100679,301
TRANSFER,D_RATE,I,GEI-100679,301
TRANSFER,ENABLE,I,GEI-100679,301
TRANSFER,F,I,GEI-100679,301
TRANSFER,OUT,O,GEI-100679,301
TRANSFER,SEL_T1,I,GEI-100679,301
TRANSFER,SEL_T10,I,S0010-0,705
TRANSFER,SEL_T11,I,S0010-0,705
TRANSFER,SEL_T12,I,S0010-0,705
TRANSFER,SEL_T13,I,S0010-0,705
TRANSFER,SEL_T14,I,S0010-0,705
TRANSFER,SEL_T15,I,S0010-0,705
TRANSFER,SEL_T16,I,S0010-0,705
TRANSFER,SEL_T2,I,S0010-0,705
TRANSFER,SEL_T3,I,S0010-0,705
TRANSFER,SEL_T4,I,S0010-0,705
TRANSFER,SEL_T5,I,S0010-0,705
TRANSFER,SEL_T6,I,S0010-0,705
TRANSFER,SEL_T7,I,S0010-0,705
TRANSFER,SEL_T8,I,S0010-0,705
TRANSFER,SEL_T9,I,S0010-0,705
TRANSFER,T1,I,S0010-0,705
TRANSFER,T10,I,S0010-0,705
TRANSFER,T11,I,S0010-0,705
TRANSFER,T12,I,S0010-0,705
TRANSFER,T13,I,S0010-0,705
TRANSFER,T14,I,S0010-0,705
TRANSFER,T15,I,S0010-0,705
TRANSFER,T16,I,S0010-0,705
TRANSFER,T2,I,S0010-0,705
TRANSFER,T3,I,S0010-0,705
TRANSFER,T4,I,S0010-0,705
TRANSFER,T5,I,S0010-0,705
TRANSFER,T6,I,S0010-0,705
TRANSFER,T7,I,S0010-0,705
TRANSFER,T8,I,S0010-0,705
TRANSFER,T9,I,S0010-0,705
TRAN_DLY,IN,I,S0014-B,278
TRAN_DLY,LIST,S,S0014-B,278
TRAN_DLY,N_DELAY,I,S0014-B,278
TRAN_DLY,OLD,O,S0014-B,278
TRAN_DLY,OUT,O,S0014-B,278
TRAN_DLY,SLIST,S,S0014-B,278
TRAN_DLY_V2,IN,I,S0014-B,279
TRAN_DLY_V2,LIST,S,S0014-B,279
TRAN_DLY_V2,N_DELAY,I,S0014-B,279
TRAN_DLY_V2,OLD,O,S0014-B,279
TRAN_DLY_V2,OUT,O,S0014-B,279
TRAN_DLY_V2,SLIST,S,S0014-B~TRAN_DLY,278
TRNFUN,A0,I,S0014-B,277
TRNFUN,A1,I,S0014-B,277
TRNFUN,A2,I,S0014-B,277
TRNFUN,B0,I,S0014-B,277
TRNFUN,B1,I,S0014-B,277
TRNFUN,B2,I,S0014-B,277
TRNFUN,CI_ERR,O,S0014-B,277
TRNFUN,DLOCK,I,S0014-B,277
TRNFUN,ENA_DYN,I,S0014-B,277
TRNFUN,ENA_FUN,I,S0014-B,277
TRNFUN,IN,I,S0014-B,277
TRNFUN,OUT,O,S0014-B,277
TRNFUN,PRESET,I,S0014-B,277
UNIT_DELAY,INPUT,I,S0014-B,280
UNIT_DELAY,OUTPUT,O,S0014-B,280
UNIT_DELAY,STATE,O,S0014-B,280
UNIT_DELAY_STATUS,INPUT,I,S0014-B~UNIT_DELAY,280
UNIT_DELAY_STATUS,OUTPUT,O,S0014-B~UNIT_DELAY,280
UNIT_DELAY_STATUS,STATE,O,S0014-B~UNIT_DELAY,280
USB_HB,OUT,O,S0014-B,281
UTC_TIME,LOCKED,O,S0014-B,282
UTC_TIME,UTCTIME,O,S0014-B,282
VARSIM,DO_DLY,I,S0014-B,294
VARSIM,ENABLE,I,S0014-B,294
VARSIM,IN1,I,S0014-B,294
VARSIM,IN10,I,S0014-B,294
VARSIM,IN11,I,S0014-B,294
VARSIM,IN12,I,S0014-B,294
VARSIM,IN13,I,S0014-B,294
VARSIM,IN14,I,S0014-B,294
VARSIM,IN15,I,S0014-B,294
VARSIM,IN16,I,S0014-B,294
VARSIM,IN17,I,S0014-B,294
VARSIM,IN18,I,S0014-B,294
VARSIM,IN19,I,S0014-B,294
VARSIM,IN2,I,S0014-B,294
VARSIM,IN20,I,S0014-B,294
VARSIM,IN21,I,S0014-B,294
VARSIM,IN22,I,S0014-B,294
VARSIM,IN23,I,S0014-B,294
VARSIM,IN24,I,S0014-B,294
VARSIM,IN25,I,S0014-B,294
VARSIM,IN26,I,S0014-B,294
VARSIM,IN27,I,S0014-B,294
VARSIM,IN28,I,S0014-B,294
VARSIM,IN29,I,S0014-B,294
VARSIM,IN3,I,S0014-B,294
VARSIM,IN30,I,S0014-B,294
VARSIM,IN31,I,S0014-B,294
VARSIM,IN32,I,S0014-B,294
VARSIM,IN4,I,S0014-B,294
VARSIM,IN5,I,S0014-B,294
VARSIM,IN6,I,S0014-B,294
VARSIM,IN7,I,S0014-B,294
VARSIM,IN8,I,S0014-B,294
VARSIM,IN9,I,S0014-B,294
VARSIM,OUT1,O,S0014-B,294
VARSIM,OUT10,O,S0014-B,294
VARSIM,OUT11,O,S0014-B,294
VARSIM,OUT12,O,S0014-B,294
VARSIM,OUT13,O,S0014-B,294
VARSIM,OUT14,O,S0014-B,294
VARSIM,OUT15,O,S0014-B,294
VARSIM,OUT16,O,S0014-B,294
VARSIM,OUT17,O,S0014-B,294
VARSIM,OUT18,O,S0014-B,294
VARSIM,OUT19,O,S0014-B,294
VARSIM,OUT2,O,S0014-B,294
VARSIM,OUT20,O,S0014-B,294
VARSIM,OUT21,O,S0014-B,294
VARSIM,OUT22,O,S0014-B,294
VARSIM,OUT23,O,S0014-B,294
VARSIM,OUT24,O,S0014-B,294
VARSIM,OUT25,O,S0014-B,294
VARSIM,OUT26,O,S0014-B,294
VARSIM,OUT27,O,S0014-B,294
VARSIM,OUT28,O,S0014-B,294
VARSIM,OUT29,O,S0014-B,294
VARSIM,OUT3,O,S0014-B,294
VARSIM,OUT30,O,S0014-B,294
VARSIM,OUT31,O,S0014-B,294
VARSIM,OUT32,O,S0014-B,294
VARSIM,OUT4,O,S0014-B,294
VARSIM,OUT5,O,S0014-B,294
VARSIM,OUT6,O,S0014-B,294
VARSIM,OUT7,O,S0014-B,294
VARSIM,OUT8,O,S0014-B,294
VARSIM,OUT9,O,S0014-B,294
VARSIM,PU_DLY,I,S0014-B,294
VAR_ALARM_STATUS,ACK,O,S0014-B,283
VAR_ALARM_STATUS,IN_ALM_Q,O,S0014-B,283
VAR_ALARM_STATUS,VAR,I,S0014-B,283
VAR_HEALTH,BAD1,O,S0014-B,293
VAR_HEALTH,BAD10,O,S0014-B,293
VAR_HEALTH,BAD11,O,S0014-B,293
VAR_HEALTH,BAD12,O,S0014-B,293
VAR_HEALTH,BAD13,O,S0014-B,293
VAR_HEALTH,BAD14,O,S0014-B,293
VAR_HEALTH,BAD15,O,S0014-B,293
VAR_HEALTH,BAD16,O,S0014-B,293
VAR_HEALTH,BAD17,O,S0014-B,293
VAR_HEALTH,BAD18,O,S0014-B,293
VAR_HEALTH,BAD19,O,S0014-B,293
VAR_HEALTH,BAD2,O,S0014-B,293
VAR_HEALTH,BAD20,O,S0014-B,293
VAR_HEALTH,BAD21,O,S0014-B,293
VAR_HEALTH,BAD22,O,S0014-B,293
VAR_HEALTH,BAD23,O,S0014-B,293
VAR_HEALTH,BAD24,O,S0014-B,293
VAR_HEALTH,BAD25,O,S0014-B,293
VAR_HEALTH,BAD26,O,S0014-B,293
VAR_HEALTH,BAD27,O,S0014-B,293
VAR_HEALTH,BAD28,O,S0014-B,293
VAR_HEALTH,BAD29,O,S0014-B,293
VAR_HEALTH,BAD3,O,S0014-B,293
VAR_HEALTH,BAD30,O,S0014-B,293
VAR_HEALTH,BAD31,O,S0014-B,293
VAR_HEALTH,BAD32,O,S0014-B,293
VAR_HEALTH,BAD4,O,S0014-B,293
VAR_HEALTH,BAD5,O,S0014-B,293
VAR_HEALTH,BAD6,O,S0014-B,293
VAR_HEALTH,BAD7,O,S0014-B,293
VAR_HEALTH,BAD8,O,S0014-B,293
VAR_HEALTH,BAD9,O,S0014-B,293
VAR_HEALTH,HEALTH1,O,S0014-B,293
VAR_HEALTH,HEALTH10,O,S0014-B,293
VAR_HEALTH,HEALTH11,O,S0014-B,293
VAR_HEALTH,HEALTH12,O,S0014-B,293
VAR_HEALTH,HEALTH13,O,S0014-B,293
VAR_HEALTH,HEALTH14,O,S0014-B,293
VAR_HEALTH,HEALTH15,O,S0014-B,293
VAR_HEALTH,HEALTH16,O,S0014-B,293
VAR_HEALTH,HEALTH17,O,S0014-B,293
VAR_HEALTH,HEALTH18,O,S0014-B,293
VAR_HEALTH,HEALTH19,O,S0014-B,293
VAR_HEALTH,HEALTH2,O,S0014-B,293
VAR_HEALTH,HEALTH20,O,S0014-B,293
VAR_HEALTH,HEALTH21,O,S0014-B,293
VAR_HEALTH,HEALTH22,O,S0014-B,293
VAR_HEALTH,HEALTH23,O,S0014-B,293
VAR_HEALTH,HEALTH24,O,S0014-B,293
VAR_HEALTH,HEALTH25,O,S0014-B,293
VAR_HEALTH,HEALTH26,O,S0014-B,293
VAR_HEALTH,HEALTH27,O,S0014-B,293
VAR_HEALTH,HEALTH28,O,S0014-B,293
VAR_HEALTH,HEALTH29,O,S0014-B,293
VAR_HEALTH,HEALTH3,O,S0014-B,293
VAR_HEALTH,HEALTH30,O,S0014-B,293
VAR_HEALTH,HEALTH31,O,S0014-B,293
VAR_HEALTH,HEALTH32,O,S0014-B,293
VAR_HEALTH,HEALTH4,O,S0014-B,293
VAR_HEALTH,HEALTH5,O,S0014-B,293
VAR_HEALTH,HEALTH6,O,S0014-B,293
VAR_HEALTH,HEALTH7,O,S0014-B,293
VAR_HEALTH,HEALTH8,O,S0014-B,293
VAR_HEALTH,HEALTH9,O,S0014-B,293
VAR_HEALTH,LINKOK1,O,S0014-B,293
VAR_HEALTH,LINKOK10,O,S0014-B,293
VAR_HEALTH,LINKOK11,O,S0014-B,293
VAR_HEALTH,LINKOK12,O,S0014-B,293
VAR_HEALTH,LINKOK13,O,S0014-B,293
VAR_HEALTH,LINKOK14,O,S0014-B,293
VAR_HEALTH,LINKOK15,O,S0014-B,293
VAR_HEALTH,LINKOK16,O,S0014-B,293
VAR_HEALTH,LINKOK17,O,S0014-B,293
VAR_HEALTH,LINKOK18,O,S0014-B,293
VAR_HEALTH,LINKOK19,O,S0014-B,293
VAR_HEALTH,LINKOK2,O,S0014-B,293
VAR_HEALTH,LINKOK20,O,S0014-B,293
VAR_HEALTH,LINKOK21,O,S0014-B,293
VAR_HEALTH,LINKOK22,O,S0014-B,293
VAR_HEALTH,LINKOK23,O,S0014-B,293
VAR_HEALTH,LINKOK24,O,S0014-B,293
VAR_HEALTH,LINKOK25,O,S0014-B,293
VAR_HEALTH,LINKOK26,O,S0014-B,293
VAR_HEALTH,LINKOK27,O,S0014-B,293
VAR_HEALTH,LINKOK28,O,S0014-B,293
VAR_HEALTH,LINKOK29,O,S0014-B,293
VAR_HEALTH,LINKOK3,O,S0014-B,293
VAR_HEALTH,LINKOK30,O,S0014-B,293
VAR_HEALTH,LINKOK31,O,S0014-B,293
VAR_HEALTH,LINKOK32,O,S0014-B,293
VAR_HEALTH,LINKOK4,O,S0014-B,293
VAR_HEALTH,LINKOK5,O,S0014-B,293
VAR_HEALTH,LINKOK6,O,S0014-B,293
VAR_HEALTH,LINKOK7,O,S0014-B,293
VAR_HEALTH,LINKOK8,O,S0014-B,293
VAR_HEALTH,LINKOK9,O,S0014-B,293
VAR_HEALTH,LINK_BAD1,O,S0014-B,293
VAR_HEALTH,LINK_BAD10,O,S0014-B,293
VAR_HEALTH,LINK_BAD11,O,S0014-B,293
VAR_HEALTH,LINK_BAD12,O,S0014-B,293
VAR_HEALTH,LINK_BAD13,O,S0014-B,293
VAR_HEALTH,LINK_BAD14,O,S0014-B,293
VAR_HEALTH,LINK_BAD15,O,S0014-B,293
VAR_HEALTH,LINK_BAD16,O,S0014-B,293
VAR_HEALTH,LINK_BAD17,O,S0014-B,293
VAR_HEALTH,LINK_BAD18,O,S0014-B,293
VAR_HEALTH,LINK_BAD19,O,S0014-B,293
VAR_HEALTH,LINK_BAD2,O,S0014-B,293
VAR_HEALTH,LINK_BAD20,O,S0014-B,293
VAR_HEALTH,LINK_BAD21,O,S0014-B,293
VAR_HEALTH,LINK_BAD22,O,S0014-B,293
VAR_HEALTH,LINK_BAD23,O,S0014-B,293
VAR_HEALTH,LINK_BAD24,O,S0014-B,293
VAR_HEALTH,LINK_BAD25,O,S0014-B,293
VAR_HEALTH,LINK_BAD26,O,S0014-B,293
VAR_HEALTH,LINK_BAD27,O,S0014-B,293
VAR_HEALTH,LINK_BAD28,O,S0014-B,293
VAR_HEALTH,LINK_BAD29,O,S0014-B,293
VAR_HEALTH,LINK_BAD3,O,S0014-B,293
VAR_HEALTH,LINK_BAD30,O,S0014-B,293
VAR_HEALTH,LINK_BAD31,O,S0014-B,293
VAR_HEALTH,LINK_BAD32,O,S0014-B,293
VAR_HEALTH,LINK_BAD4,O,S0014-B,293
VAR_HEALTH,LINK_BAD5,O,S0014-B,293
VAR_HEALTH,LINK_BAD6,O,S0014-B,293
VAR_HEALTH,LINK_BAD7,O,S0014-B,293
VAR_HEALTH,LINK_BAD8,O,S0014-B,293
VAR_HEALTH,LINK_BAD9,O,S0014-B,293
VAR_HEALTH,LINK_UNCERT1,O,S0014-B,293
VAR_HEALTH,LINK_UNCERT10,O,S0014-B,293
VAR_HEALTH,LINK_UNCERT11,O,S0014-B,293
VAR_HEALTH,LINK_UNCERT12,O,S0014-B,293
VAR_HEALTH,LINK_UNCERT13,O,S0014-B,293
VAR_HEALTH,LINK_UNCERT14,O,S0014-B,293
VAR_HEALTH,LINK_UNCERT15,O,S0014-B,293
VAR_HEALTH,LINK_UNCERT16,O,S0014-B,293
VAR_HEALTH,LINK_UNCERT17,O,S0014-B,293
VAR_HEALTH,LINK_UNCERT18,O,S0014-B,293
VAR_HEALTH,LINK_UNCERT19,O,S0014-B,293
VAR_HEALTH,LINK_UNCERT2,O,S0014-B,293
VAR_HEALTH,LINK_UNCERT20,O,S0014-B,293
VAR_HEALTH,LINK_UNCERT21,O,S0014-B,293
VAR_HEALTH,LINK_UNCERT22,O,S0014-B,293
VAR_HEALTH,LINK_UNCERT23,O,S0014-B,293
VAR_HEALTH,LINK_UNCERT24,O,S0014-B,293
VAR_HEALTH,LINK_UNCERT25,O,S0014-B,293
VAR_HEALTH,LINK_UNCERT26,O,S0014-B,293
VAR_HEALTH,LINK_UNCERT27,O,S0014-B,293
VAR_HEALTH,LINK_UNCERT28,O,S0014-B,293
VAR_HEALTH,LINK_UNCERT29,O,S0014-B,293
VAR_HEALTH,LINK_UNCERT3,O,S0014-B,293
VAR_HEALTH,LINK_UNCERT30,O,S0014-B,293
VAR_HEALTH,LINK_UNCERT31,O,S0014-B,293
VAR_HEALTH,LINK_UNCERT32,O,S0014-B,293
VAR_HEALTH,LINK_UNCERT4,O,S0014-B,293
VAR_HEALTH,LINK_UNCERT5,O,S0014-B,293
VAR_HEALTH,LINK_UNCERT6,O,S0014-B,293
VAR_HEALTH,LINK_UNCERT7,O,S0014-B,293
VAR_HEALTH,LINK_UNCERT8,O,S0014-B,293
VAR_HEALTH,LINK_UNCERT9,O,S0014-B,293
VAR_HEALTH,UNCERT1,O,S0014-B,293
VAR_HEALTH,UNCERT10,O,S0014-B,293
VAR_HEALTH,UNCERT11,O,S0014-B,293
VAR_HEALTH,UNCERT12,O,S0014-B,293
VAR_HEALTH,UNCERT13,O,S0014-B,293
VAR_HEALTH,UNCERT14,O,S0014-B,293
VAR_HEALTH,UNCERT15,O,S0014-B,293
VAR_HEALTH,UNCERT16,O,S0014-B,293
VAR_HEALTH,UNCERT17,O,S0014-B,293
VAR_HEALTH,UNCERT18,O,S0014-B,293
VAR_HEALTH,UNCERT19,O,S0014-B,293
VAR_HEALTH,UNCERT2,O,S0014-B,293
VAR_HEALTH,UNCERT20,O,S0014-B,293
VAR_HEALTH,UNCERT21,O,S0014-B,293
VAR_HEALTH,UNCERT22,O,S0014-B,293
VAR_HEALTH,UNCERT23,O,S0014-B,293
VAR_HEALTH,UNCERT24,O,S0014-B,293
VAR_HEALTH,UNCERT25,O,S0014-B,293
VAR_HEALTH,UNCERT26,O,S0014-B,293
VAR_HEALTH,UNCERT27,O,S0014-B,293
VAR_HEALTH,UNCERT28,O,S0014-B,293
VAR_HEALTH,UNCERT29,O,S0014-B,293
VAR_HEALTH,UNCERT3,O,S0014-B,293
VAR_HEALTH,UNCERT30,O,S0014-B,293
VAR_HEALTH,UNCERT31,O,S0014-B,293
VAR_HEALTH,UNCERT32,O,S0014-B,293
VAR_HEALTH,UNCERT4,O,S0014-B,293
VAR_HEALTH,UNCERT5,O,S0014-B,293
VAR_HEALTH,UNCERT6,O,S0014-B,293
VAR_HEALTH,UNCERT7,O,S0014-B,293
VAR_HEALTH,UNCERT8,O,S0014-B,293
VAR_HEALTH,UNCERT9,O,S0014-B,293
VAR_HEALTH,VAR1,I,S0014-B,293
VAR_HEALTH,VAR10,I,S0014-B,293
VAR_HEALTH,VAR11,I,S0014-B,293
VAR_HEALTH,VAR12,I,S0014-B,293
VAR_HEALTH,VAR13,I,S0014-B,293
VAR_HEALTH,VAR14,I,S0014-B,293
VAR_HEALTH,VAR15,I,S0014-B,293
VAR_HEALTH,VAR16,I,S0014-B,293
VAR_HEALTH,VAR17,I,S0014-B,293
VAR_HEALTH,VAR18,I,S0014-B,293
VAR_HEALTH,VAR19,I,S0014-B,293
VAR_HEALTH,VAR2,I,S0014-B,293
VAR_HEALTH,VAR20,I,S0014-B,293
VAR_HEALTH,VAR21,I,S0014-B,293
VAR_HEALTH,VAR22,I,S0014-B,293
VAR_HEALTH,VAR23,I,S0014-B,293
VAR_HEALTH,VAR24,I,S0014-B,293
VAR_HEALTH,VAR25,I,S0014-B,293
VAR_HEALTH,VAR26,I,S0014-B,293
VAR_HEALTH,VAR27,I,S0014-B,293
VAR_HEALTH,VAR28,I,S0014-B,293
VAR_HEALTH,VAR29,I,S0014-B,293
VAR_HEALTH,VAR3,I,S0014-B,293
VAR_HEALTH,VAR30,I,S0014-B,293
VAR_HEALTH,VAR31,I,S0014-B,293
VAR_HEALTH,VAR32,I,S0014-B,293
VAR_HEALTH,VAR4,I,S0014-B,293
VAR_HEALTH,VAR5,I,S0014-B,293
VAR_HEALTH,VAR6,I,S0014-B,293
VAR_HEALTH,VAR7,I,S0014-B,293
VAR_HEALTH,VAR8,I,S0014-B,293
VAR_HEALTH,VAR9,I,S0014-B,293
VOL_WATER,IN_P,I,S0010-0,707
VOL_WATER,IN_PATM,I,S0010-0,707
VOL_WATER,IN_T,I,S0010-0,707
VOL_WATER,MEAS_SYS,I,S0010-0,707
VOL_WATER,OUT,O,S0010-0,707
VOL_WATER_V2,IN_P,I,S0010-0,708
VOL_WATER_V2,IN_PATM,I,S0010-0,708
VOL_WATER_V2,IN_T,I,S0010-0,708
VOL_WATER_V2,MEAS_SYS,I,S0010-0,708
VOL_WATER_V2,OUT,O,S0010-0,708
VOL_WTR,IN_P,I,GEI-100679,302
VOL_WTR,IN_PATM,I,GEI-100679,302
VOL_WTR,IN_T,I,GEI-100679,302
VOL_WTR,MEAS_SYS,I,GEI-100679,302
VOL_WTR,OUT,O,GEI-100679,303
VOTE,ERR,O,S0010-0,709
VOTE,IN1,I,GEI-100679,304
VOTE,IN10,I,S0010-0,709
VOTE,IN11,I,S0010-0,709
VOTE,IN12,I,S0010-0,709
VOTE,IN13,I,S0010-0,709
VOTE,IN14,I,S0010-0,709
VOTE,IN15,I,S0010-0,709
VOTE,IN16,I,S0010-0,709
VOTE,IN17,I,S0010-0,709
VOTE,IN18,I,S0010-0,709
VOTE,IN19,I,S0010-0,709
VOTE,IN2,I,S0010-0,709
VOTE,IN20,I,S0010-0,709
VOTE,IN21,I,S0010-0,709
VOTE,IN22,I,S0010-0,709
VOTE,IN23,I,S0010-0,709
VOTE,IN24,I,S0010-0,709
VOTE,IN25,I,S0010-0,709
VOTE,IN26,I,S0010-0,709
VOTE,IN27,I,S0010-0,709
VOTE,IN28,I,S0010-0,709
VOTE,IN29,I,S0010-0,709
VOTE,IN3,I,S0010-0,709
VOTE,IN30,I,S0010-0,709
VOTE,IN31,I,S0010-0,709
VOTE,IN32,I,S0010-0,709
VOTE,IN4,I,S0010-0,709
VOTE,IN5,I,S0010-0,709
VOTE,IN6,I,S0010-0,709
VOTE,IN7,I,S0010-0,709
VOTE,IN8,I,S0010-0,709
VOTE,IN9,I,S0010-0,709
VOTE,M,I,S0010-0,709
VOTE,OUT,O,GEI-100679,304
XNOR,IN1,I,S0014-B,153
XNOR,IN10,I,S0014-B,153
XNOR,IN11,I,S0014-B,153
XNOR,IN12,I,S0014-B,153
XNOR,IN13,I,S0014-B,153
XNOR,IN14,I,S0014-B,153
XNOR,IN15,I,S0014-B,153
XNOR,IN16,I,S0014-B,153
XNOR,IN17,I,S0014-B,153
XNOR,IN18,I,S0014-B,153
XNOR,IN19,I,S0014-B,153
XNOR,IN2,I,S0014-B,153
XNOR,IN20,I,S0014-B,153
XNOR,IN21,I,S0014-B,153
XNOR,IN22,I,S0014-B,153
XNOR,IN23,I,S0014-B,153
XNOR,IN24,I,S0014-B,153
XNOR,IN25,I,S0014-B,153
XNOR,IN26,I,S0014-B,153
XNOR,IN27,I,S0014-B,153
XNOR,IN28,I,S0014-B,153
XNOR,IN29,I,S0014-B,153
XNOR,IN3,I,S0014-B,153
XNOR,IN30,I,S0014-B,153
XNOR,IN31,I,S0014-B,153
XNOR,IN32,I,S0014-B,153
XNOR,IN4,I,S0014-B,153
XNOR,IN5,I,S0014-B,153
XNOR,IN6,I,S0014-B,153
XNOR,IN7,I,S0014-B,153
XNOR,IN8,I,S0014-B,153
XNOR,IN9,I,S0014-B,153
XNOR,OUT,O,S0014-B,153
XOR,IN1,I,S0014-B,154
XOR,IN10,I,S0014-B,154
XOR,IN11,I,S0014-B,154
XOR,IN12,I,S0014-B,154
XOR,IN13,I,S0014-B,154
XOR,IN14,I,S0014-B,154
XOR,IN15,I,S0014-B,154
XOR,IN16,I,S0014-B,154
XOR,IN17,I,S0014-B,154
XOR,IN18,I,S0014-B,154
XOR,IN19,I,S0014-B,154
XOR,IN2,I,S0014-B,154
XOR,IN20,I,S0014-B,154
XOR,IN21,I,S0014-B,154
XOR,IN22,I,S0014-B,154
XOR,IN23,I,S0014-B,154
XOR,IN24,I,S0014-B,154
XOR,IN25,I,S0014-B,154
XOR,IN26,I,S0014-B,154
XOR,IN27,I,S0014-B,154
XOR,IN28,I,S0014-B,154
XOR,IN29,I,S0014-B,154
XOR,IN3,I,S0014-B,154
XOR,IN30,I,S0014-B,154
XOR,IN31,I,S0014-B,154
XOR,IN32,I,S0014-B,154
XOR,IN4,I,S0014-B,154
XOR,IN5,I,S0014-B,154
XOR,IN6,I,S0014-B,154
XOR,IN7,I,S0014-B,154
XOR,IN8,I,S0014-B,154
XOR,IN9,I,S0014-B,154
XOR,OUT,O,S0014-B,154
